{"model_info": {"model_name": "cn-clip-L-336", "vision_encoder": "VIT-L", "text_encoder": "RoBERTa-wwm-L", "agency": "damo"}, "imagenet1k": {"acc1": 0.32302, "acc5": 0.52288, "mean_per_class_recall": 0.32296}, "imagenet1k_cn": {"acc1": 0.55368, "acc5": 0.82972, "mean_per_class_recall": 0.55386}, "imagenet1k_jp": {"acc1": 0.1624, "acc5": 0.25222, "mean_per_class_recall": 0.16232}, "imagenet1k_it": {"acc1": 0.07082, "acc5": 0.13042, "mean_per_class_recall": 0.07056}, "imagenet-a": {"acc1": 0.36946666666666667, "acc5": 0.5726666666666667, "mean_per_class_recall": 0.3470552703132083}, "imagenet-a_cn": {"acc1": 0.534, "acc5": 0.8368, "mean_per_class_recall": 0.5373791177295812}, "imagenet-a_jp": {"acc1": 0.1264, "acc5": 0.22266666666666668, "mean_per_class_recall": 0.15739956619697812}, "imagenet-a_it": {"acc1": 0.0936, "acc5": 0.14786666666666667, "mean_per_class_recall": 0.10530381312794593}, "imagenet-r": {"acc1": 0.5789666666666666, "acc5": 0.7345666666666667, "mean_per_class_recall": 0.5156763554631374}, "imagenet-r_cn": {"acc1": 0.7990666666666667, "acc5": 0.9455666666666667, "mean_per_class_recall": 0.7754331401525156}, "imagenet-r_jp": {"acc1": 0.19376666666666667, "acc5": 0.2524666666666667, "mean_per_class_recall": 0.1906760576651488}, "imagenet-r_it": {"acc1": 0.16303333333333334, "acc5": 0.25556666666666666, "mean_per_class_recall": 0.1610566019703011}, "imagenet-sketch": {"acc1": 0.30987050246615183, "acc5": 0.5004028375483897, "mean_per_class_recall": 0.31026588235294117}, "imagenet-sketch_cn": {"acc1": 0.48908408496924677, "acc5": 0.7622668946137672, "mean_per_class_recall": 0.4892474509803922}, "imagenet-sketch_jp": {"acc1": 0.15184027982471654, "acc5": 0.24032698618561968, "mean_per_class_recall": 0.1517835294117647}, "imagenet-sketch_it": {"acc1": 0.06915050403820079, "acc5": 0.13281848729587928, "mean_per_class_recall": 0.06901098039215686}, "imagenetv2": {"acc1": 0.2849, "acc5": 0.4875, "mean_per_class_recall": 0.2847}, "imagenetv2_cn": {"acc1": 0.4969, "acc5": 0.7853, "mean_per_class_recall": 0.49639999999999995}, "imagenetv2_jp": {"acc1": 0.1455, "acc5": 0.2396, "mean_per_class_recall": 0.1454}, "imagenetv2_it": {"acc1": 0.0632, "acc5": 0.117, "mean_per_class_recall": 0.063}, "birdsnap": {"acc1": 0.02187784867821331, "acc5": 0.08021877848678213, "mean_per_class_recall": 0.023246492985971947}, "caltech101": {"acc1": 0.710411198600175, "acc5": 0.8653762029746281, "mean_per_class_recall": 0.6970972823033342}, "cars": {"acc1": 0.41375450814575304, "acc5": 0.7712971023504539, "mean_per_class_recall": 0.40983842800295184}, "cifar10": {"acc1": 0.9311, "acc5": 0.9977, "mean_per_class_recall": 0.931}, "cifar100": {"acc1": 0.5912, "acc5": 0.7876, "mean_per_class_recall": 0.5914}, "country211": {"acc1": 0.017772511848341232, "acc5": 0.052748815165876775, "mean_per_class_recall": 0.017914691943127965}, "dtd": {"acc1": 0.2148936170212766, "acc5": 0.4207446808510638, "mean_per_class_recall": 0.2143617021276596}, "eurosat": {"acc1": 0.3688888888888889, "acc5": 0.8487777777777777, "mean_per_class_recall": 0.3723166666666667}, "fer2013": {"acc1": 0.344803566453051, "acc5": 0.9229590415157426, "mean_per_class_recall": 0.2760553282164217}, "fgvc-aircraft": {"acc1": 0.0747074707470747, "acc5": 0.24902490249024903, "mean_per_class_recall": 0.07487522281639929}, "flowers": {"acc1": 0.0065051227841925515, "acc5": 0.06342494714587738, "mean_per_class_recall": 0.011046752881450858}, "food101": {"acc1": 0.4492673267326733, "acc5": 0.6994059405940594, "mean_per_class_recall": 0.4498613861386139}, "gtsrb": {"acc1": 0.31393507521773556, "acc5": 0.5990498812351543, "mean_per_class_recall": 0.2509476384286799}, "kinetics400": {"acc1": 0.3348752598752599, "acc5": 0.5896049896049896, "mean_per_class_recall": 0.3349918353705754}, "kinetics600": {"acc1": 0.3044514569625352, "acc5": 0.5472337854169464, "mean_per_class_recall": 0.3048575987841945}, "kinetics700": {"acc1": 0.2635282341164694, "acc5": 0.48560325030913265, "mean_per_class_recall": 0.26364508658305646}, "mnist": {"acc1": 0.4253, "acc5": 0.7738, "mean_per_class_recall": 0.425612162355567}, "objectnet": {"acc1": 0.4261333046193604, "acc5": 0.6546247442661786, "mean_per_class_recall": 0.41636367674547725}, "pcam": {"acc1": 0.500732421875, "acc5": NaN, "mean_per_class_recall": 0.5005484876292791}, "pets": {"acc1": 0.29408558190242573, "acc5": 0.5418370128100299, "mean_per_class_recall": 0.2909963616521508}, "renderedsst2": {"acc1": 0.44481054365733114, "acc5": NaN, "mean_per_class_recall": 0.44490041109374096}, "resisc45": {"acc1": 0.5113333333333333, "acc5": 0.8339047619047619, "mean_per_class_recall": 0.5120000000000001}, "stl10": {"acc1": 0.98125, "acc5": 0.999875, "mean_per_class_recall": 0.9814999999999999}, "sun397": {"acc1": 0.44436066719385037, "acc5": 0.7322489287750336, "mean_per_class_recall": 0.3916456025204609}, "ucf101": {"acc1": 0.37804334254882727, "acc5": 0.5993043788459823, "mean_per_class_recall": 0.37328863186541716}, "voc2007": {"acc1": 0.7186832264957265, "acc5": 0.9704861111111112, "mean_per_class_recall": 0.8686441367659749}, "voc2007_multilabel": {"mean_average_precision": 0.8007219433784485}, "flickr30k": {"IR@1": 0.4472000002861023, "TR@1": 0.6330000162124634, "IR@5": 0.7196000218391418, "TR@5": 0.8870000243186951, "IR@10": 0.8051999807357788, "TR@10": 0.9430000185966492, "MR": 0.7391666769981384}, "flickr30k_cn": {"IR@1": 0.6796000003814697, "TR@1": 0.8169999718666077, "IR@5": 0.896399974822998, "TR@5": 0.972000002861023, "IR@10": 0.948199987411499, "TR@10": 0.9890000224113464, "MR": 0.8836999932924906}, "multi30k_en": {"IR@1": 0.4453999996185303, "TR@1": 0.621999979019165, "IR@5": 0.718999981880188, "TR@5": 0.8759999871253967, "IR@10": 0.8044000267982483, "TR@10": 0.9369999766349792, "MR": 0.7339666585127512}, "multi30k_fr": {"IR@1": 0.06800000369548798, "TR@1": 0.10000000149011612, "IR@5": 0.17399999499320984, "TR@5": 0.2240000069141388, "IR@10": 0.2720000147819519, "TR@10": 0.30000001192092896, "MR": 0.1896666722993056}, "multi30k_de": {"IR@1": 0.04039999842643738, "TR@1": 0.09799999743700027, "IR@5": 0.1096000000834465, "TR@5": 0.23000000417232513, "IR@10": 0.1581999957561493, "TR@10": 0.3059999942779541, "MR": 0.15703333169221878}, "multi30k_cs": {"IR@1": 0.01600000075995922, "TR@1": 0.019999999552965164, "IR@5": 0.050999999046325684, "TR@5": 0.06499999761581421, "IR@10": 0.06700000166893005, "TR@10": 0.08699999749660492, "MR": 0.050999999356766544}, "mscoco_captions": {"IR@1": 0.23238705098628998, "TR@1": 0.3476000130176544, "IR@5": 0.4613754451274872, "TR@5": 0.6150000095367432, "IR@10": 0.5725709795951843, "TR@10": 0.730400025844574, "MR": 0.49322225401798886}, "mscoco_captions_cn_1k": {"IR@1": 0.642924964427948, "TR@1": 0.6169999837875366, "IR@5": 0.8860399127006531, "TR@5": 0.8659999966621399, "IR@10": 0.9477682709693909, "TR@10": 0.9369999766349792, "MR": 0.8161221841971079}, "mscoco_captions_cn_5k": {"IR@1": 0.5889999866485596, "TR@1": 0.7200000286102295, "IR@5": 0.8501999974250793, "TR@5": 0.9160000085830688, "IR@10": 0.9232000112533569, "TR@10": 0.9509999752044678, "MR": 0.8249000012874603}, "xtd_en": {"IR@1": 0.41741740703582764, "TR@1": 0.4224224090576172, "IR@5": 0.7097097039222717, "TR@5": 0.728728711605072, "IR@10": 0.8348348140716553, "TR@10": 0.8528528809547424, "MR": 0.6609943211078644}, "xtd_de": {"IR@1": 0.058058056980371475, "TR@1": 0.07507507503032684, "IR@5": 0.15915915369987488, "TR@5": 0.19819819927215576, "IR@10": 0.231231227517128, "TR@10": 0.28828829526901245, "MR": 0.16833500129481158}, "xtd_es": {"IR@1": 0.05511021986603737, "TR@1": 0.0721442922949791, "IR@5": 0.13326653838157654, "TR@5": 0.18236473202705383, "IR@10": 0.19739478826522827, "TR@10": 0.25050100684165955, "MR": 0.14846359627942243}, "xtd_fr": {"IR@1": 0.07807807624340057, "TR@1": 0.09509509801864624, "IR@5": 0.23023022711277008, "TR@5": 0.2512512505054474, "IR@10": 0.3233233094215393, "TR@10": 0.35635635256767273, "MR": 0.22238905231157938}, "xtd_it": {"IR@1": 0.0470941886305809,