{"model_info": {"model_name": "eva-clip", "vision_encoder": "eva VIT-g", "text_encoder": "CLIP-L", "agency": "BAAI"}, "imagenet1k": {"acc1": 0.78526, "acc5": 0.95512, "mean_per_class_recall": 0.7850600000000001}, "imagenet1k_cn": {"acc1": 0.01684, "acc5": 0.06594, "mean_per_class_recall": 0.016800000000000002}, "imagenet1k_jp": {"acc1": 0.03542, "acc5": 0.07838, "mean_per_class_recall": 0.03534}, "imagenet1k_it": {"acc1": 0.31488, "acc5": 0.48062, "mean_per_class_recall": 0.31368}, "imagenet-a": {"acc1": 0.736, "acc5": 0.9097333333333333, "mean_per_class_recall": 0.6988423351848243}, "imagenet-a_cn": {"acc1": 0.0356, "acc5": 0.14586666666666667, "mean_per_class_recall": 0.037083338343429535}, "imagenet-a_jp": {"acc1": 0.03613333333333334, "acc5": 0.0772, "mean_per_class_recall": 0.04643115367332402}, "imagenet-a_it": {"acc1": 0.31653333333333333, "acc5": 0.4952, "mean_per_class_recall": 0.32143728295978646}, "imagenet-r": {"acc1": 0.9248333333333333, "acc5": 0.9824666666666667, "mean_per_class_recall": 0.9120005633516112}, "imagenet-r_cn": {"acc1": 0.03863333333333333, "acc5": 0.14406666666666668, "mean_per_class_recall": 0.046263843948859656}, "imagenet-r_jp": {"acc1": 0.0758, "acc5": 0.13863333333333333, "mean_per_class_recall": 0.07735550984614278}, "imagenet-r_it": {"acc1": 0.5273, "acc5": 0.6649, "mean_per_class_recall": 0.5111861930039054}, "imagenet-sketch": {"acc1": 0.6731120674409008, "acc5": 0.890742596631885, "mean_per_class_recall": 0.6730788235294118}, "imagenet-sketch_cn": {"acc1": 0.015386429287272298, "acc5": 0.06248894653068443, "mean_per_class_recall": 0.015390588235294116}, "imagenet-sketch_jp": {"acc1": 0.03598027078543497, "acc5": 0.08041030478099392, "mean_per_class_recall": 0.03568705882352941}, "imagenet-sketch_it": {"acc1": 0.29228320462182394, "acc5": 0.45882214230973295, "mean_per_class_recall": 0.29155372549019604}, "imagenetv2": {"acc1": 0.7149, "acc5": 0.921, "mean_per_class_recall": 0.7152999999999999}, "imagenetv2_cn": {"acc1": 0.0173, "acc5": 0.061, "mean_per_class_recall": 0.0172}, "imagenetv2_jp": {"acc1": 0.0321, "acc5": 0.0758, "mean_per_class_recall": 0.031700000000000006}, "imagenetv2_it": {"acc1": 0.2871, "acc5": 0.4548, "mean_per_class_recall": 0.28670000000000007}, "birdsnap": {"acc1": 0.4995442114858706, "acc5": 0.7092069279854147, "mean_per_class_recall": 0.5004008016032064}, "caltech101": {"acc1": 0.8784995625546806, "acc5": 0.9572397200349956, "mean_per_class_recall": 0.9492376205160685}, "cars": {"acc1": 0.9121999751274718, "acc5": 0.9978858350951374, "mean_per_class_recall": 0.9120344617731534}, "cifar10": {"acc1": 0.9831, "acc5": 0.9996, "mean_per_class_recall": 0.9829999999999999}, "cifar100": {"acc1": 0.8866, "acc5": 0.981, "mean_per_class_recall": 0.8865000000000001}, "country211": {"acc1": 0.04895734597156398, "acc5": 0.11824644549763033, "mean_per_class_recall": 0.04914691943127963}, "dtd": {"acc1": 0.6090425531914894, "acc5": 0.8765957446808511, "mean_per_class_recall": 0.6090425531914895}, "eurosat": {"acc1": 0.6282592592592593, "acc5": 0.925074074074074, "mean_per_class_recall": 0.64542}, "fer2013": {"acc1": 0.5261911395932014, "acc5": 0.9586235720256339, "mean_per_class_recall": 0.4746223569657166}, "fgvc-aircraft": {"acc1": 0.3252325232523252, "acc5": 0.7383738373837384, "mean_per_class_recall": 0.3241087344028521}, "flowers": {"acc1": 0.01073345259391771, "acc5": 0.05561879980484632, "mean_per_class_recall": 0.006782404948657365}, "food101": {"acc1": 0.9345742574257426, "acc5": 0.9932277227722772, "mean_per_class_recall": 0.9346534653465347}, "gtsrb": {"acc1": 0.4913697545526524, "acc5": 0.8451306413301662, "mean_per_class_recall": 0.4703787652634972}, "kinetics400": {"acc1": 0.5713617463617464, "acc5": 0.8032224532224532, "mean_per_class_recall": 0.5715630929109033}, "kinetics600": {"acc1": 0.5694574996642944, "acc5": 0.8064656908822344, "mean_per_class_recall": 0.5693492809560867}, "kinetics700": {"acc1": 0.4774480362715657, "acc5": 0.7188659247482777, "mean_per_class_recall": 0.4768579172302012}, "mnist": {"acc1": 0.6807, "acc5": 0.932, "mean_per_class_recall": 0.6766530080594052}, "objectnet": {"acc1": 0.7232152471196296, "acc5": 0.8937762463658878, "mean_per_class_recall": 0.708629507382293}, "pcam": {"acc1": 0.498748779296875, "acc5": NaN, "mean_per_class_recall": 0.4985368770670406}, "pets": {"acc1": 0.9422185881711638, "acc5": 0.9986372308530935, "mean_per_class_recall": 0.9417441751477261}, "renderedsst2": {"acc1": 0.5848434925864909, "acc5": NaN, "mean_per_class_recall": 0.5851644374963811}, "resisc45": {"acc1": 0.7022222222222222, "acc5": 0.9466984126984127, "mean_per_class_recall": 0.7021904761904761}, "stl10": {"acc1": 0.988875, "acc5": 1.0, "mean_per_class_recall": 0.988875}, "sun397": {"acc1": 0.7416830645309598, "acc5": 0.9552108428195745, "mean_per_class_recall": 0.7328499563755437}, "ucf101": {"acc1": 0.7215731739944707, "acc5": 0.9097476143761705, "mean_per_class_recall": 0.7183671391873823}, "voc2007": {"acc1": 0.8287927350427351, "acc5": 0.9681490384615384, "mean_per_class_recall": 0.8859212526776201}, "voc2007_multilabel": {"mean_average_precision": 0.8107544183731079}, "flickr30k": {"IR@1": 0.7261999845504761, "TR@1": 0.8840000033378601, "IR@5": 0.9157999753952026, "TR@5": 0.9829999804496765, "IR@10": 0.9509999752044678, "TR@10": 0.9929999709129333, "MR": 0.9088333149751028}, "flickr30k_cn": {"IR@1": 0.006399999838322401, "TR@1": 0.03500000014901161, "IR@5": 0.027400000020861626, "TR@5": 0.08699999749660492, "IR@10": 0.03999999910593033, "TR@10": 0.12800000607967377, "MR": 0.053966667115067445}, "multi30k_en": {"IR@1": 0.7264000177383423, "TR@1": 0.8820000290870667, "IR@5": 0.9157999753952026, "TR@5": 0.984000027179718, "IR@10": 0.9509999752044678, "TR@10": 0.9929999709129333, "MR": 0.9086999992529551}, "multi30k_fr": {"IR@1": 0.42399999499320984, "TR@1": 0.4740000069141388, "IR@5": 0.6800000071525574, "TR@5": 0.7450000047683716, "IR@10": 0.7639999985694885, "TR@10": 0.8309999704360962, "MR": 0.652999997138977}, "multi30k_de": {"IR@1": 0.26159998774528503, "TR@1": 0.5249999761581421, "IR@5": 0.49799999594688416, "TR@5": 0.7879999876022339, "IR@10": 0.5910000205039978, "TR@10": 0.878000020980835, "MR": 0.5902666648228964}, "multi30k_cs": {"IR@1": 0.03799999877810478, "TR@1": 0.06800000369548798, "IR@5": 0.0949999988079071, "TR@5": 0.15199999511241913, "IR@10": 0.13199999928474426, "TR@10": 0.1940000057220459, "MR": 0.11316666690011819}, "mscoco_captions": {"IR@1": 0.4405437707901001, "TR@1": 0.6179999709129333, "IR@5": 0.6850459575653076, "TR@5": 0.8325999975204468, "IR@10": 0.7732107043266296, "TR@10": 0.8998000025749207, "MR": 0.708200067281723}, "mscoco_captions_cn_1k": {"IR@1": 0.008547008968889713, "TR@1": 0.019999999552965164, "IR@5": 0.03798670321702957, "TR@5": 0.06199999898672104, "IR@10": 0.06172839552164078, "TR@10": 0.09600000083446503, "MR": 0.047710351180285215}, "mscoco_captions_cn_5k": {"IR@1": 0.011599999852478504, "TR@1": 0.03400000184774399, "IR@5": 0.032600000500679016, "TR@5": 0.10300000011920929, "IR@10": 0.05400000140070915, "TR@10": 0.14900000393390656, "MR": 0.06403333460912108}, "xtd_en": {"IR@1": 0.6576576828956604, "TR@1": 0.6806806921958923, "IR@5": 0.8788788914680481, "TR@5": 0.8958958983421326, "IR@10": 0.935935914516449, "TR@10": 0.9589589834213257, "MR": 0.8346680104732513}, "xtd_de": {"IR@1": 0.3053053021430969, "TR@1": 0.3753753900527954, "IR@5": 0.5405405163764954, "TR@5": 0.63163161277771, "IR@10": 0.6766766905784607, "TR@10": 0.7537537813186646, "MR": 0.5472138822078705}, "xtd_es": {"IR@1": 0.382765531539917, "TR@1": 0.4228456914424896, "IR@5": 0.625250518321991, "TR@5": 0.6883767247200012, "IR@10": 0.7394789457321167, "TR@10": 0.8066132068634033, "MR": 0.6108884364366531}, "xtd_fr": {"IR@1": 0.402402400970459, "TR@1": 0.4454454481601715, "IR@5": 0.6596596837043762, "TR@5": 0.7137137055397034, "IR@10": 0.7787787914276123, "TR@10": 0.815815806388855, "MR": 0.6359693060318629}, "xtd_it": {"IR@1": 0.2895791530609131,