{"model_info": {"model_name": "M-CLIP", "vision_encoder": "VIT-L", "text_encoder": "XLMR", "agency": "RISE"}, "imagenet1k": {"acc1": 0.5229, "acc5": 0.75912, "mean_per_class_recall": 0.5228200000000001}, "imagenet1k_cn": {"acc1": 0.43, "acc5": 0.68484, "mean_per_class_recall": 0.42956}, "imagenet1k_jp": {"acc1": 0.26864, "acc5": 0.423, "mean_per_class_recall": 0.26797999999999994}, "imagenet1k_it": {"acc1": 0.42948, "acc5": 0.64214, "mean_per_class_recall": 0.42856}, "imagenet-a": {"acc1": 0.5905333333333334, "acc5": 0.8150666666666667, "mean_per_class_recall": 0.5782116337885396}, "imagenet-a_cn": {"acc1": 0.5093333333333333, "acc5": 0.7806666666666666, "mean_per_class_recall": 0.5092824739370976}, "imagenet-a_jp": {"acc1": 0.21746666666666667, "acc5": 0.3473333333333333, "mean_per_class_recall": 0.2891659665941975}, "imagenet-a_it": {"acc1": 0.5176, "acc5": 0.7144, "mean_per_class_recall": 0.5047025847565126}, "imagenet-r": {"acc1": 0.816, "acc5": 0.9367666666666666, "mean_per_class_recall": 0.7835415074979001}, "imagenet-r_cn": {"acc1": 0.6837333333333333, "acc5": 0.8486333333333334, "mean_per_class_recall": 0.6614229652948066}, "imagenet-r_jp": {"acc1": 0.4454, "acc5": 0.5486666666666666, "mean_per_class_recall": 0.4179665239496704}, "imagenet-r_it": {"acc1": 0.7294333333333334, "acc5": 0.8616333333333334, "mean_per_class_recall": 0.6951601210725653}, "imagenet-sketch": {"acc1": 0.4417261097683193, "acc5": 0.6820530959539389, "mean_per_class_recall": 0.44201450980392154}, "imagenet-sketch_cn": {"acc1": 0.36233763681738684, "acc5": 0.6199571616655859, "mean_per_class_recall": 0.3619062745098039}, "imagenet-sketch_jp": {"acc1": 0.2457505551297923, "acc5": 0.3891607223565014, "mean_per_class_recall": 0.24485450980392157}, "imagenet-sketch_it": {"acc1": 0.3834030930063472, "acc5": 0.5960227161076067, "mean_per_class_recall": 0.38229137254901957}, "imagenetv2": {"acc1": 0.4739, "acc5": 0.7194, "mean_per_class_recall": 0.47419999999999995}, "imagenetv2_cn": {"acc1": 0.3956, "acc5": 0.6506, "mean_per_class_recall": 0.3956}, "imagenetv2_jp": {"acc1": 0.2424, "acc5": 0.3995, "mean_per_class_recall": 0.2413}, "imagenetv2_it": {"acc1": 0.3894, "acc5": 0.6131, "mean_per_class_recall": 0.38839999999999997}, "birdsnap": {"acc1": 0.05013673655423884, "acc5": 0.14038286235186873, "mean_per_class_recall": 0.052738810955243826}, "caltech101": {"acc1": 0.814413823272091, "acc5": 0.9253062117235346, "mean_per_class_recall": 0.8395109285498185}, "cars": {"acc1": 0.5347593582887701, "acc5": 0.8877005347593583, "mean_per_class_recall": 0.5350695156434224}, "cifar10": {"acc1": 0.9381, "acc5": 0.9965, "mean_per_class_recall": 0.9382000000000001}, "cifar100": {"acc1": 0.7259, "acc5": 0.9203, "mean_per_class_recall": 0.7254999999999998}, "country211": {"acc1": 0.03777251184834123, "acc5": 0.07838862559241706, "mean_per_class_recall": 0.037725118483412326}, "dtd": {"acc1": 0.4117021276595745, "acc5": 0.6664893617021277, "mean_per_class_recall": 0.4122340425531914}, "eurosat": {"acc1": 0.4782962962962963, "acc5": 0.9221851851851852, "mean_per_class_recall": 0.5033733333333333}, "fer2013": {"acc1": 0.4392588464753413, "acc5": 0.9717191418222346, "mean_per_class_recall": 0.4856700356763988}, "fgvc-aircraft": {"acc1": 0.07260726072607261, "acc5": 0.19111911191119113, "mean_per_class_recall": 0.07222816399286987}, "flowers": {"acc1": 0.0009757684176288828, "acc5": 0.01935274028297284, "mean_per_class_recall": 0.0017766851868183556}, "food101": {"acc1": 0.6883564356435643, "acc5": 0.8999207920792079, "mean_per_class_recall": 0.6885544554455444}, "gtsrb": {"acc1": 0.4250989707046714, "acc5": 0.784639746634996, "mean_per_class_recall": 0.384815778602179}, "kinetics400": {"acc1": 0.45795218295218293, "acc5": 0.704989604989605, "mean_per_class_recall": 0.4588758842528718}, "kinetics600": {"acc1": 0.4423929098966027, "acc5": 0.6903115348462469, "mean_per_class_recall": 0.4420609046136699}, "kinetics700": {"acc1": 0.3728139904610493, "acc5": 0.6124948477889655, "mean_per_class_recall": 0.3726328288344621}, "mnist": {"acc1": 0.5904, "acc5": 0.9373, "mean_per_class_recall": 0.5958394072869969}, "objectnet": {"acc1": 0.6417572951437494, "acc5": 0.854743189404544, "mean_per_class_recall": 0.6230990744249497}, "pcam": {"acc1": 0.513092041015625, "acc5": NaN, "mean_per_class_recall": 0.5132999034661623}, "pets": {"acc1": 0.4985009539384028, "acc5": 0.7833197056418643, "mean_per_class_recall": 0.49675947971855705}, "renderedsst2": {"acc1": 0.6556836902800659, "acc5": NaN, "mean_per_class_recall": 0.6551878872097736}, "resisc45": {"acc1": 0.6200634920634921, "acc5": 0.9153333333333333, "mean_per_class_recall": 0.6202857142857142}, "stl10": {"acc1": 0.994125, "acc5": 1.0, "mean_per_class_recall": 0.994125}, "sun397": {"acc1": 0.6331629181455395, "acc5": 0.9089964507052614, "mean_per_class_recall": 0.6262401216816224}, "ucf101": {"acc1": 0.6459466690448586, "acc5": 0.8377775795951128, "mean_per_class_recall": 0.6394919383855202}, "voc2007": {"acc1": 0.797142094017094, "acc5": 0.9678819444444444, "mean_per_class_recall": 0.8718064545574782}, "voc2007_multilabel": {"mean_average_precision": 0.8203886151313782}, "flickr30k": {"IR@1": 0.6496000289916992, "TR@1": 0.8460000157356262, "IR@5": 0.8751999735832214, "TR@5": 0.9760000109672546, "IR@10": 0.928600013256073, "TR@10": 0.9929999709129333, "MR": 0.8780666689078013}, "flickr30k_cn": {"IR@1": 0.6272000074386597, "TR@1": 0.8460000157356262, "IR@5": 0.859000027179718, "TR@5": 0.9700000286102295, "IR@10": 0.9179999828338623, "TR@10": 0.9869999885559082, "MR": 0.8678666750590006}, "multi30k_en": {"IR@1": 0.6499999761581421, "TR@1": 0.8479999899864197, "IR@5": 0.8741999864578247, "TR@5": 0.9769999980926514, "IR@10": 0.9283999800682068, "TR@10": 0.9929999709129333, "MR": 0.8784333169460297}, "multi30k_fr": {"IR@1": 0.6370000243186951, "TR@1": 0.6769999861717224, "IR@5": 0.8659999966621399, "TR@5": 0.902999997138977, "IR@10": 0.925000011920929, "TR@10": 0.9440000057220459, "MR": 0.8253333369890848}, "multi30k_de": {"IR@1": 0.5590000152587891, "TR@1": 0.8029999732971191, "IR@5": 0.805400013923645, "TR@5": 0.9610000252723694, "IR@10": 0.8755999803543091, "TR@10": 0.9800000190734863, "MR": 0.8306666711966196}, "multi30k_cs": {"IR@1": 0.6230000257492065, "TR@1": 0.6669999957084656, "IR@5": 0.859000027179718, "TR@5": 0.8870000243186951, "IR@10": 0.9079999923706055, "TR@10": 0.9350000023841858, "MR": 0.8131666779518127}, "mscoco_captions": {"IR@1": 0.3640943765640259, "TR@1": 0.5612000226974487, "IR@5": 0.613074779510498, "TR@5": 0.795199990272522, "IR@10": 0.7165933847427368, "TR@10": 0.8651999831199646, "MR": 0.652560422817866}, "mscoco_captions_cn_1k": {"IR@1": 0.5498575568199158, "TR@1": 0.6069999933242798, "IR@5": 0.8176637887954712, "TR@5": 0.8679999709129333, "IR@10": 0.9135802388191223, "TR@10": 0.9380000233650208, "MR": 0.7823502620061239}, "mscoco_captions_cn_5k": {"IR@1": 0.5479999780654907, "TR@1": 0.7789999842643738, "IR@5": 0.8136000037193298, "TR@5": 0.9169999957084656, "IR@10": 0.9010000228881836, "TR@10": 0.9580000042915344, "MR": 0.819433331489563}, "xtd_en": {"IR@1": 0.597597599029541, "TR@1": 0.6356356143951416, "IR@5": 0.8418418169021606, "TR@5": 0.8778778910636902, "IR@10": 0.9209209084510803, "TR@10": 0.9449449181556702, "MR": 0.8031364579995474}, "xtd_de": {"IR@1": 0.5615615844726562, "TR@1": 0.5915915966033936, "IR@5": 0.8148148059844971, "TR@5": 0.8558558821678162, "IR@10": 0.9039039015769958, "TR@10": 0.9309309124946594, "MR": 0.7764431138833364}, "xtd_es": {"IR@1": 0.5641282796859741, "TR@1": 0.6122244596481323, "IR@5": 0.8146292567253113, "TR@5": 0.8637274503707886, "IR@10": 0.914829671382904, "TR@10": 0.9328657388687134, "MR": 0.783734142780304}, "xtd_fr": {"IR@1": 0.5655655860900879, "TR@1": 0.6096096038818359, "IR@5": 0.8228228092193604, "TR@5": 0.848848819732666, "IR@10": 0.8998998999595642, "TR@10": 0.924924910068512, "MR": 0.778611938158671}, "xtd_it": {"IR@1": 0.5711422562599182, "TR@1": 0.6162324547767639,