{"model_info": {"model_name": "openclip-B-XLMR-B", "vision_encoder": "VIT-B", "text_encoder": "XLMR-B", "agency": "openclip"}, "imagenet1k": {"acc1": 0.62318, "acc5": 0.88046, "mean_per_class_recall": 0.6231199999999999}, "imagenet1k_cn": {"acc1": 0.43044, "acc5": 0.70676, "mean_per_class_recall": 0.42962}, "imagenet1k_jp": {"acc1": 0.37998, "acc5": 0.60292, "mean_per_class_recall": 0.37920000000000004}, "imagenet1k_it": {"acc1": 0.43806, "acc5": 0.67222, "mean_per_class_recall": 0.43727999999999995}, "imagenet-a": {"acc1": 0.2368, "acc5": 0.5458666666666666, "mean_per_class_recall": 0.2566555276355578}, "imagenet-a_cn": {"acc1": 0.19426666666666667, "acc5": 0.47373333333333334, "mean_per_class_recall": 0.2211495293742557}, "imagenet-a_jp": {"acc1": 0.1732, "acc5": 0.4056, "mean_per_class_recall": 0.19482790269562733}, "imagenet-a_it": {"acc1": 0.18026666666666666, "acc5": 0.42533333333333334, "mean_per_class_recall": 0.1975449751653242}, "imagenet-r": {"acc1": 0.7411333333333333, "acc5": 0.9069666666666667, "mean_per_class_recall": 0.7257423669603148}, "imagenet-r_cn": {"acc1": 0.6281, "acc5": 0.8413666666666667, "mean_per_class_recall": 0.5984443370252434}, "imagenet-r_jp": {"acc1": 0.5707666666666666, "acc5": 0.7608666666666667, "mean_per_class_recall": 0.5469728524854656}, "imagenet-r_it": {"acc1": 0.6198, "acc5": 0.8109, "mean_per_class_recall": 0.5878103915109375}, "imagenet-sketch": {"acc1": 0.5072412505649551, "acc5": 0.7723476586295663, "mean_per_class_recall": 0.5073839215686274}, "imagenet-sketch_cn": {"acc1": 0.3625341429385525, "acc5": 0.6243982000039301, "mean_per_class_recall": 0.3617709803921568}, "imagenet-sketch_jp": {"acc1": 0.3431389887795005, "acc5": 0.5567018412623553, "mean_per_class_recall": 0.34213019607843137}, "imagenet-sketch_it": {"acc1": 0.37632887264438286, "acc5": 0.6142977853760144, "mean_per_class_recall": 0.37511764705882356}, "imagenetv2": {"acc1": 0.5424, "acc5": 0.8147, "mean_per_class_recall": 0.5426}, "imagenetv2_cn": {"acc1": 0.3772, "acc5": 0.6528, "mean_per_class_recall": 0.3768}, "imagenetv2_jp": {"acc1": 0.3261, "acc5": 0.547, "mean_per_class_recall": 0.32620000000000005}, "imagenetv2_it": {"acc1": 0.3769, "acc5": 0.6144, "mean_per_class_recall": 0.375}, "birdsnap": {"acc1": 0.2812215132178669, "acc5": 0.5496809480401094, "mean_per_class_recall": 0.281563126252505}, "caltech101": {"acc1": 0.8537839020122485, "acc5": 0.955161854768154, "mean_per_class_recall": 0.9019282614066161}, "cars": {"acc1": 0.8503917423206069, "acc5": 0.9905484392488496, "mean_per_class_recall": 0.8498576178005727}, "cifar10": {"acc1": 0.9366, "acc5": 0.9988, "mean_per_class_recall": 0.9366}, "cifar100": {"acc1": 0.7649, "acc5": 0.9501, "mean_per_class_recall": 0.7655}, "country211": {"acc1": 0.03213270142180095, "acc5": 0.07691943127962085, "mean_per_class_recall": 0.03222748815165877}, "dtd": {"acc1": 0.6074468085106383, "acc5": 0.875, "mean_per_class_recall": 0.6074468085106383}, "eurosat": {"acc1": 0.5396296296296297, "acc5": 0.9271481481481482, "mean_per_class_recall": 0.54312}, "fer2013": {"acc1": 0.4313179158539983, "acc5": 0.9113959320144888, "mean_per_class_recall": 0.37461879988630864}, "fgvc-aircraft": {"acc1": 0.26792679267926794, "acc5": 0.645964596459646, "mean_per_class_recall": 0.2668181818181818}, "flowers": {"acc1": 0.007318263132216621, "acc5": 0.03984387705317938, "mean_per_class_recall": 0.005928139258558212}, "food101": {"acc1": 0.8010693069306931, "acc5": 0.9615445544554455, "mean_per_class_recall": 0.8007920792079208}, "gtsrb": {"acc1": 0.4569279493269992, "acc5": 0.7385589865399842, "mean_per_class_recall": 0.3911689404480102}, "kinetics400": {"acc1": 0.40306652806652804, "acc5": 0.6635654885654886, "mean_per_class_recall": 0.4031955273801775}, "kinetics600": {"acc1": 0.40519672351282393, "acc5": 0.660970860749295, "mean_per_class_recall": 0.4051649788345804}, "kinetics700": {"acc1": 0.31664016958134605, "acc5": 0.5541718188777013, "mean_per_class_recall": 0.31631410570797763}, "mnist": {"acc1": 0.703, "acc5": 0.9435, "mean_per_class_recall": 0.6997858118932007}, "objectnet": {"acc1": 0.46021320124905785, "acc5": 0.7060407020566383, "mean_per_class_recall": 0.45097377614346174}, "pcam": {"acc1": 0.64044189453125, "acc5": NaN, "mean_per_class_recall": 0.6404268867556656}, "pets": {"acc1": 0.8691741618969746, "acc5": 0.9959116925592805, "mean_per_class_recall": 0.8687246692831575}, "renderedsst2": {"acc1": 0.5343218012081274, "acc5": NaN, "mean_per_class_recall": 0.5339170430200915}, "resisc45": {"acc1": 0.6165714285714285, "acc5": 0.914952380952381, "mean_per_class_recall": 0.6163809523809524}, "stl10": {"acc1": 0.966875, "acc5": 0.999875, "mean_per_class_recall": 0.9668749999999999}, "sun397": {"acc1": 0.6777957592364419, "acc5": 0.9359655736800485, "mean_per_class_recall": 0.6773772983885554}, "ucf101": {"acc1": 0.5985017390528851, "acc5": 0.8538303754570588, "mean_per_class_recall": 0.5908078597365765}, "voc2007": {"acc1": 0.7825186965811965, "acc5": 0.9562633547008547, "mean_per_class_recall": 0.8090517492142453}, "voc2007_multilabel": {"mean_average_precision": 0.7815170884132385}, "flickr30k": {"IR@1": 0.6453999876976013, "TR@1": 0.8259999752044678, "IR@5": 0.8623999953269958, "TR@5": 0.9639999866485596, "IR@10": 0.9165999889373779, "TR@10": 0.9779999852180481, "MR": 0.8653999865055084}, "flickr30k_cn": {"IR@1": 0.545799970626831, "TR@1": 0.7649999856948853, "IR@5": 0.8046000003814697, "TR@5": 0.9300000071525574, "IR@10": 0.8827999830245972, "TR@10": 0.9580000042915344, "MR": 0.8143666585286459}, "multi30k_en": {"IR@1": 0.6453999876976013, "TR@1": 0.8270000219345093, "IR@5": 0.8626000285148621, "TR@5": 0.9639999866485596, "IR@10": 0.9168000221252441, "TR@10": 0.9779999852180481, "MR": 0.8656333386898041}, "multi30k_fr": {"IR@1": 0.5809999704360962, "TR@1": 0.6140000224113464, "IR@5": 0.8289999961853027, "TR@5": 0.8450000286102295, "IR@10": 0.8989999890327454, "TR@10": 0.9120000004768372, "MR": 0.7800000011920929}, "multi30k_de": {"IR@1": 0.5360000133514404, "TR@1": 0.7639999985694885, "IR@5": 0.7942000031471252, "TR@5": 0.9350000023841858, "IR@10": 0.8694000244140625, "TR@10": 0.9649999737739563, "MR": 0.8106000026067098}, "multi30k_cs": {"IR@1": 0.5249999761581421, "TR@1": 0.5410000085830688, "IR@5": 0.7839999794960022, "TR@5": 0.800000011920929, "IR@10": 0.8600000143051147, "TR@10": 0.8730000257492065, "MR": 0.7305000027020773}, "mscoco_captions": {"IR@1": 0.3777689039707184, "TR@1": 0.5365999937057495, "IR@5": 0.634546160697937, "TR@5": 0.7796000242233276, "IR@10": 0.7347460985183716, "TR@10": 0.8636000156402588, "MR": 0.6544768661260605}, "mscoco_captions_cn_1k": {"IR@1": 0.5906932353973389, "TR@1": 0.6340000033378601, "IR@5": 0.8537511825561523, "TR@5": 0.8980000019073486, "IR@10": 0.9268755912780762, "TR@10": 0.9490000009536743, "MR": 0.8087200025717417}, "mscoco_captions_cn_5k": {"IR@1": 0.5094000101089478, "TR@1": 0.6729999780654907, "IR@5": 0.7910000085830688, "TR@5": 0.8989999890327454, "IR@10": 0.8862000107765198, "TR@10": 0.9480000138282776, "MR": 0.7844333350658417}, "xtd_en": {"IR@1": 0.63163161277771, "TR@1": 0.642642617225647, "IR@5": 0.8758758902549744, "TR@5": 0.8968968987464905, "IR@10": 0.9409409165382385, "TR@10": 0.9579579830169678, "MR": 0.8243243197600046}, "xtd_de": {"IR@1": 0.5455455183982849, "TR@1": 0.5885885953903198, "IR@5": 0.8088088035583496, "TR@5": 0.8498498201370239, "IR@10": 0.8978978991508484, "TR@10": 0.9349349141120911, "MR": 0.770937591791153}, "xtd_es": {"IR@1": 0.5460922122001648, "TR@1": 0.5911823511123657, "IR@5": 0.8316633105278015, "TR@5": 0.8757514953613281, "IR@10": 0.9328657388687134, "TR@10": 0.9448897838592529, "MR": 0.7870741486549377}, "xtd_fr": {"IR@1": 0.5555555820465088, "TR@1": 0.5775775909423828, "IR@5": 0.8058058023452759, "TR@5": 0.8348348140716553, "IR@10": 0.8938938975334167, "TR@10": 0.9259259104728699, "MR": 0.7655989329020182}, "xtd_it": {"IR@1": 0.5571142435073853, "TR@1": 0.5931863784790039, "IR@5": 0.8136272430419922,