{"model_info": {"model_name": "openai-clip-L", "vision_encoder": "VIT-L", "text_encoder": "CLIP-L", "agency": "openai"}, "imagenet1k": {"acc1": 0.75532, "acc5": 0.9458, "mean_per_class_recall": 0.75526}, "imagenet1k_cn": {"acc1": 0.01944, "acc5": 0.06448, "mean_per_class_recall": 0.01936}, "imagenet1k_jp": {"acc1": 0.04536, "acc5": 0.10972, "mean_per_class_recall": 0.04534}, "imagenet1k_it": {"acc1": 0.27584, "acc5": 0.43856, "mean_per_class_recall": 0.2748}, "imagenet-a": {"acc1": 0.7066666666666667, "acc5": 0.9064, "mean_per_class_recall": 0.6767077762756614}, "imagenet-a_cn": {"acc1": 0.046533333333333336, "acc5": 0.1856, "mean_per_class_recall": 0.04027985736687383}, "imagenet-a_jp": {"acc1": 0.06906666666666667, "acc5": 0.16586666666666666, "mean_per_class_recall": 0.07352774997366335}, "imagenet-a_it": {"acc1": 0.2992, "acc5": 0.4770666666666667, "mean_per_class_recall": 0.29699533347045465}, "imagenet-r": {"acc1": 0.8778666666666667, "acc5": 0.9711333333333333, "mean_per_class_recall": 0.8640263329181724}, "imagenet-r_cn": {"acc1": 0.0437, "acc5": 0.14603333333333332, "mean_per_class_recall": 0.045068122264609246}, "imagenet-r_jp": {"acc1": 0.11736666666666666, "acc5": 0.2345, "mean_per_class_recall": 0.10899207228861207}, "imagenet-r_it": {"acc1": 0.4628333333333333, "acc5": 0.6108333333333333, "mean_per_class_recall": 0.44713592192854745}, "imagenet-sketch": {"acc1": 0.595649354477392, "acc5": 0.8428344042916937, "mean_per_class_recall": 0.5960709803921569}, "imagenet-sketch_cn": {"acc1": 0.01729253866257934, "acc5": 0.058106860028689894, "mean_per_class_recall": 0.01734549019607843}, "imagenet-sketch_jp": {"acc1": 0.041010827487276226, "acc5": 0.09996266383697852, "mean_per_class_recall": 0.0409843137254902}, "imagenet-sketch_it": {"acc1": 0.2357287429503429, "acc5": 0.400852836565859, "mean_per_class_recall": 0.23513529411764705}, "imagenetv2": {"acc1": 0.6976, "acc5": 0.9096, "mean_per_class_recall": 0.6982}, "imagenetv2_cn": {"acc1": 0.0183, "acc5": 0.0571, "mean_per_class_recall": 0.0184}, "imagenetv2_jp": {"acc1": 0.0411, "acc5": 0.0979, "mean_per_class_recall": 0.040900000000000006}, "imagenetv2_it": {"acc1": 0.2469, "acc5": 0.4123, "mean_per_class_recall": 0.24580000000000002}, "birdsnap": {"acc1": 0.4047402005469462, "acc5": 0.6481312670920693, "mean_per_class_recall": 0.3991315965263861}, "caltech101": {"acc1": 0.8662510936132983, "acc5": 0.9695975503062118, "mean_per_class_recall": 0.9309666055622333}, "cars": {"acc1": 0.772789454048004, "acc5": 0.9809725158562368, "mean_per_class_recall": 0.7718030722063852}, "cifar10": {"acc1": 0.9562, "acc5": 0.9963, "mean_per_class_recall": 0.9561}, "cifar100": {"acc1": 0.758, "acc5": 0.9275, "mean_per_class_recall": 0.7580999999999999}, "country211": {"acc1": 0.07009478672985782, "acc5": 0.15559241706161137, "mean_per_class_recall": 0.07014218009478673}, "dtd": {"acc1": 0.5537234042553192, "acc5": 0.8361702127659575, "mean_per_class_recall": 0.5537234042553191}, "eurosat": {"acc1": 0.46270370370370373, "acc5": 0.906074074074074, "mean_per_class_recall": 0.4649333333333333}, "fer2013": {"acc1": 0.49791028141543603, "acc5": 0.9499860685427696, "mean_per_class_recall": 0.5209122859831659}, "fgvc-aircraft": {"acc1": 0.31863186318631864, "acc5": 0.7800780078007801, "mean_per_class_recall": 0.317807486631016}, "flowers": {"acc1": 0.010082940315498456, "acc5": 0.055944055944055944, "mean_per_class_recall": 0.006218102501587727}, "food101": {"acc1": 0.9305742574257426, "acc5": 0.992990099009901, "mean_per_class_recall": 0.9304950495049507}, "gtsrb": {"acc1": 0.5063341250989707, "acc5": 0.7610451306413302, "mean_per_class_recall": 0.43876178313690944}, "kinetics400": {"acc1": 0.5563409563409564, "acc5": 0.7979209979209979, "mean_per_class_recall": 0.5562782138413634}, "kinetics600": {"acc1": 0.5577078017993823, "acc5": 0.805995702967638, "mean_per_class_recall": 0.5578647032541046}, "kinetics700": {"acc1": 0.46720249661426133, "acc5": 0.7130071247718307, "mean_per_class_recall": 0.4666521692585044}, "mnist": {"acc1": 0.7323, "acc5": 0.9471, "mean_per_class_recall": 0.7295298431361891}, "objectnet": {"acc1": 0.6895660600839884, "acc5": 0.8805319263486594, "mean_per_class_recall": 0.6738012885897315}, "pcam": {"acc1": 0.520050048828125, "acc5": NaN, "mean_per_class_recall": 0.5198617762819939}, "pets": {"acc1": 0.9362224039247752, "acc5": 0.9980921231943308, "mean_per_class_recall": 0.9360880287523901}, "renderedsst2": {"acc1": 0.6902800658978583, "acc5": NaN, "mean_per_class_recall": 0.690498161658271}, "resisc45": {"acc1": 0.6452698412698412, "acc5": 0.932952380952381, "mean_per_class_recall": 0.6454285714285716}, "stl10": {"acc1": 0.993625, "acc5": 1.0, "mean_per_class_recall": 0.9936250000000001}, "sun397": {"acc1": 0.6745131213564558, "acc5": 0.9367379590635747, "mean_per_class_recall": 0.682882027726966}, "ucf101": {"acc1": 0.7256755551591902, "acc5": 0.9233924908588246, "mean_per_class_recall": 0.7198710310661282}, "voc2007": {"acc1": 0.7743055555555556, "acc5": 0.9680154914529915, "mean_per_class_recall": 0.8603497026346141}, "voc2007_multilabel": {"mean_average_precision": 0.8055731058120728}, "flickr30k": {"IR@1": 0.6520000100135803, "TR@1": 0.8510000109672546, "IR@5": 0.8726000189781189, "TR@5": 0.9729999899864197, "IR@10": 0.9196000099182129, "TR@10": 0.9900000095367432, "MR": 0.8763666749000549}, "flickr30k_cn": {"IR@1": 0.003599999938160181, "TR@1": 0.024000000208616257, "IR@5": 0.021199999377131462, "TR@5": 0.08100000023841858, "IR@10": 0.041600000113248825, "TR@10": 0.1340000033378601, "MR": 0.050900000535572566}, "multi30k_en": {"IR@1": 0.6492000222206116, "TR@1": 0.8529999852180481, "IR@5": 0.8722000122070312, "TR@5": 0.9739999771118164, "IR@10": 0.9200000166893005, "TR@10": 0.9909999966621399, "MR": 0.8765666683514913}, "multi30k_fr": {"IR@1": 0.2930000126361847, "TR@1": 0.3630000054836273, "IR@5": 0.5429999828338623, "TR@5": 0.6299999952316284, "IR@10": 0.6539999842643738, "TR@10": 0.7269999980926514, "MR": 0.5349999964237213}, "multi30k_de": {"IR@1": 0.18080000579357147, "TR@1": 0.414000004529953, "IR@5": 0.36820000410079956, "TR@5": 0.6779999732971191, "IR@10": 0.46860000491142273, "TR@10": 0.7889999747276306, "MR": 0.48309999456008273}, "multi30k_cs": {"IR@1": 0.02199999988079071, "TR@1": 0.05999999865889549, "IR@5": 0.05900000035762787, "TR@5": 0.1420000046491623, "IR@10": 0.08500000089406967, "TR@10": 0.19099999964237213, "MR": 0.09316666734715302}, "mscoco_captions": {"IR@1": 0.36509397625923157, "TR@1": 0.5636000037193298, "IR@5": 0.6102359294891357, "TR@5": 0.7936000227928162, "IR@10": 0.7111155390739441, "TR@10": 0.8668000102043152, "MR": 0.6517409135897955}, "mscoco_captions_cn_1k": {"IR@1": 0.0047483379021286964, "TR@1": 0.017999999225139618, "IR@5": 0.03703703731298447, "TR@5": 0.06800000369548798, "IR@10": 0.0683760717511177, "TR@10": 0.12200000137090683, "MR": 0.05302690854296088}, "mscoco_captions_cn_5k": {"IR@1": 0.007400000002235174, "TR@1": 0.03200000151991844, "IR@5": 0.03779999911785126, "TR@5": 0.09799999743700027, "IR@10": 0.058400001376867294, "TR@10": 0.15399999916553497, "MR": 0.06459999976990123}, "xtd_en": {"IR@1": 0.5935935974121094, "TR@1": 0.630630612373352, "IR@5": 0.8398398160934448, "TR@5": 0.8698698878288269, "IR@10": 0.9179179072380066, "TR@10": 0.9479479193687439, "MR": 0.7999666233857473}, "xtd_de": {"IR@1": 0.19819819927215576, "TR@1": 0.293293297290802, "IR@5": 0.41041040420532227, "TR@5": 0.5685685873031616, "IR@10": 0.5515515804290771, "TR@10": 0.6936936974525452, "MR": 0.4526192943255107}, "xtd_es": {"IR@1": 0.2635270655155182, "TR@1": 0.3376753628253937, "IR@5": 0.5200400948524475, "TR@5": 0.586172342300415, "IR@10": 0.6533066034317017, "TR@10": 0.7104208469390869, "MR": 0.5118570526440939}, "xtd_fr": {"IR@1": 0.28828829526901245, "TR@1": 0.33833834528923035, "IR@5": 0.5415415167808533, "TR@5": 0.6076076030731201, "IR@10": 0.6696696877479553, "TR@10": 0.7297297120094299, "MR": 0.5291958600282669}, "xtd_it": {"IR@1": 0.19839678704738617,