{"model_info": {"model_name": "AltCLIP-XLMR-L-m9", "vision_encoder": "VIT-L", "text_encoder": "XLMR", "agency": "BAAI"}, "imagenet1k": {"acc1": 0.73392, "acc5": 0.9413, "mean_per_class_recall": 0.73368}, "imagenet1k_cn": {"acc1": 0.58688, "acc5": 0.85162, "mean_per_class_recall": 0.5861799999999999}, "imagenet1k_jp": {"acc1": 0.53716, "acc5": 0.75882, "mean_per_class_recall": 0.5365999999999999}, "imagenet1k_it": {"acc1": 0.54524, "acc5": 0.75342, "mean_per_class_recall": 0.5440000000000002}, "imagenet-a": {"acc1": 0.6893333333333334, "acc5": 0.904, "mean_per_class_recall": 0.6683142937638878}, "imagenet-a_cn": {"acc1": 0.6022666666666666, "acc5": 0.8594666666666667, "mean_per_class_recall": 0.5801325921848348}, "imagenet-a_jp": {"acc1": 0.5097333333333334, "acc5": 0.7234666666666667, "mean_per_class_recall": 0.5295181517641551}, "imagenet-a_it": {"acc1": 0.556, "acc5": 0.7953333333333333, "mean_per_class_recall": 0.5245432853773145}, "imagenet-r": {"acc1": 0.8664666666666667, "acc5": 0.9686, "mean_per_class_recall": 0.8525578151118433}, "imagenet-r_cn": {"acc1": 0.8228666666666666, "acc5": 0.9528666666666666, "mean_per_class_recall": 0.7993705183113168}, "imagenet-r_jp": {"acc1": 0.7484666666666666, "acc5": 0.8823, "mean_per_class_recall": 0.731005578044395}, "imagenet-r_it": {"acc1": 0.7751666666666667, "acc5": 0.8915333333333333, "mean_per_class_recall": 0.7533967066610799}, "imagenet-sketch": {"acc1": 0.5781013578572972, "acc5": 0.8312994949792686, "mean_per_class_recall": 0.5782192156862745}, "imagenet-sketch_cn": {"acc1": 0.4757020181178644, "acc5": 0.755507084045668, "mean_per_class_recall": 0.47517137254901964}, "imagenet-sketch_jp": {"acc1": 0.46025663699424235, "acc5": 0.6907386665094618, "mean_per_class_recall": 0.45997176470588236}, "imagenet-sketch_it": {"acc1": 0.4550295741712354, "acc5": 0.6949242468902906, "mean_per_class_recall": 0.45412431372549017}, "imagenetv2": {"acc1": 0.6715, "acc5": 0.903, "mean_per_class_recall": 0.6716}, "imagenetv2_cn": {"acc1": 0.5336, "acc5": 0.8127, "mean_per_class_recall": 0.5328}, "imagenetv2_jp": {"acc1": 0.4875, "acc5": 0.7205, "mean_per_class_recall": 0.4859}, "imagenetv2_it": {"acc1": 0.5001, "acc5": 0.7222, "mean_per_class_recall": 0.4991}, "birdsnap": {"acc1": 0.3217866909753874, "acc5": 0.5952597994530537, "mean_per_class_recall": 0.3214428857715431}, "caltech101": {"acc1": 0.8747812773403325, "acc5": 0.9648950131233596, "mean_per_class_recall": 0.9366575965414787}, "cars": {"acc1": 0.7467976619823405, "acc5": 0.9819674169879368, "mean_per_class_recall": 0.7452902681776806}, "cifar10": {"acc1": 0.9565, "acc5": 0.9982, "mean_per_class_recall": 0.9563}, "cifar100": {"acc1": 0.7888, "acc5": 0.9453, "mean_per_class_recall": 0.7888}, "country211": {"acc1": 0.05696682464454976, "acc5": 0.1284834123222749, "mean_per_class_recall": 0.05682464454976304}, "dtd": {"acc1": 0.5675531914893617, "acc5": 0.8388297872340426, "mean_per_class_recall": 0.5686170212765957}, "eurosat": {"acc1": 0.4656666666666667, "acc5": 0.964, "mean_per_class_recall": 0.47582}, "fer2013": {"acc1": 0.5436054611312343, "acc5": 0.9625243800501533, "mean_per_class_recall": 0.5694631751385585}, "fgvc-aircraft": {"acc1": 0.28052805280528054, "acc5": 0.7077707770777077, "mean_per_class_recall": 0.28087344028520494}, "flowers": {"acc1": 0.009595056106684013, "acc5": 0.046511627906976744, "mean_per_class_recall": 0.006188964972450198}, "food101": {"acc1": 0.9205940594059406, "acc5": 0.992, "mean_per_class_recall": 0.9206336633663365}, "gtsrb": {"acc1": 0.43547110055423593, "acc5": 0.7854315122723674, "mean_per_class_recall": 0.42989484347244694}, "kinetics400": {"acc1": 0.5391891891891892, "acc5": 0.7958419958419959, "mean_per_class_recall": 0.5393179645782928}, "kinetics600": {"acc1": 0.5486773197260641, "acc5": 0.7991137370753324, "mean_per_class_recall": 0.5483860909211048}, "kinetics700": {"acc1": 0.45351233586527706, "acc5": 0.7088853559441795, "mean_per_class_recall": 0.4534737714688154}, "mnist": {"acc1": 0.6927, "acc5": 0.9483, "mean_per_class_recall": 0.6981421961895864}, "objectnet": {"acc1": 0.6754603208786476, "acc5": 0.8719715731667923, "mean_per_class_recall": 0.6606382110268296}, "pcam": {"acc1": 0.629058837890625, "acc5": NaN, "mean_per_class_recall": 0.6291041572619368}, "pets": {"acc1": 0.937857726901063, "acc5": 0.9978195693649495, "mean_per_class_recall": 0.9378613412744901}, "renderedsst2": {"acc1": 0.7413509060955519, "acc5": NaN, "mean_per_class_recall": 0.74154652307336}, "resisc45": {"acc1": 0.6827619047619048, "acc5": 0.9414285714285714, "mean_per_class_recall": 0.6829523809523808}, "stl10": {"acc1": 0.992375, "acc5": 1.0, "mean_per_class_recall": 0.992375}, "sun397": {"acc1": 0.71112786656123, "acc5": 0.9504018243007154, "mean_per_class_recall": 0.7071486576664028}, "ucf101": {"acc1": 0.7088201195041469, "acc5": 0.9363239097476144, "mean_per_class_recall": 0.7035669840037201}, "voc2007": {"acc1": 0.8038194444444444, "acc5": 0.9702857905982906, "mean_per_class_recall": 0.8666913752418448}, "voc2007_multilabel": {"mean_average_precision": 0.8315607309341431}, "flickr30k": {"IR@1": 0.6899999976158142, "TR@1": 0.824999988079071, "IR@5": 0.8967999815940857, "TR@5": 0.9729999899864197, "IR@10": 0.9362000226974487, "TR@10": 0.9890000224113464, "MR": 0.8850000003973643}, "flickr30k_cn": {"IR@1": 0.6776000261306763, "TR@1": 0.843999981880188, "IR@5": 0.8885999917984009, "TR@5": 0.9789999723434448, "IR@10": 0.9408000111579895, "TR@10": 0.9900000095367432, "MR": 0.8866666654745737}, "multi30k_en": {"IR@1": 0.6898000240325928, "TR@1": 0.824999988079071, "IR@5": 0.8970000147819519, "TR@5": 0.9750000238418579, "IR@10": 0.9368000030517578, "TR@10": 0.9879999756813049, "MR": 0.8852666715780894}, "multi30k_fr": {"IR@1": 0.6859999895095825, "TR@1": 0.6710000038146973, "IR@5": 0.8939999938011169, "TR@5": 0.906000018119812, "IR@10": 0.9440000057220459, "TR@10": 0.9629999995231628, "MR": 0.844000001748403}, "multi30k_de": {"IR@1": 0.3336000144481659, "TR@1": 0.5540000200271606, "IR@5": 0.5821999907493591, "TR@5": 0.8069999814033508, "IR@10": 0.6823999881744385, "TR@10": 0.8769999742507935, "MR": 0.6393666615088781}, "multi30k_cs": {"IR@1": 0.1720000058412552, "TR@1": 0.2029999941587448, "IR@5": 0.3700000047683716, "TR@5": 0.4050000011920929, "IR@10": 0.4560000002384186, "TR@10": 0.5139999985694885, "MR": 0.35333333412806195}, "mscoco_captions": {"IR@1": 0.3984805941581726, "TR@1": 0.5540000200271606, "IR@5": 0.642742931842804, "TR@5": 0.7870000004768372, "IR@10": 0.7386645078659058, "TR@10": 0.8629999756813049, "MR": 0.6639813383420309}, "mscoco_captions_cn_1k": {"IR@1": 0.6134852766990662, "TR@1": 0.6510000228881836, "IR@5": 0.8575498461723328, "TR@5": 0.8840000033378601, "IR@10": 0.9221272468566895, "TR@10": 0.9589999914169312, "MR": 0.8145270645618439}, "mscoco_captions_cn_5k": {"IR@1": 0.5812000036239624, "TR@1": 0.7609999775886536, "IR@5": 0.8375999927520752, "TR@5": 0.9399999976158142, "IR@10": 0.9182000160217285, "TR@10": 0.9789999723434448, "MR": 0.8361666599909464}, "xtd_en": {"IR@1": 0.642642617225647, "TR@1": 0.6446446180343628, "IR@5": 0.8498498201370239, "TR@5": 0.8928928971290588, "IR@10": 0.923923909664154, "TR@10": 0.9539539813995361, "MR": 0.8179846405982971}, "xtd_de": {"IR@1": 0.35935935378074646, "TR@1": 0.42842844128608704, "IR@5": 0.6406406164169312, "TR@5": 0.7167167067527771, "IR@10": 0.7607607841491699, "TR@10": 0.8148148059844971, "MR": 0.6201201180617014}, "xtd_es": {"IR@1": 0.5891783833503723, "TR@1": 0.6162324547767639, "IR@5": 0.8266533017158508, "TR@5": 0.8657314777374268, "IR@10": 0.9108216166496277, "TR@10": 0.9408817887306213, "MR": 0.7915831704934438}, "xtd_fr": {"IR@1": 0.5995995998382568, "TR@1": 0.6256256103515625, "IR@5": 0.8298298120498657, "TR@5": 0.8608608841896057, "IR@10": 0.9049049019813538, "TR@10": 0.9299299120903015, "MR": 0.7917917867501577}, "xtd_it": {"IR@1": 0.5801603198051453, "TR@1": 0.6212424635887146, "IR@5": 0.8266533017158508, "TR@5": 0.8657314777374268,