{"model_info": {"model_name": "AltCLIP-XLMR-L", "vision_encoder": "VIT-L", "text_encoder": "XLMR", "agency": "BAAI"}, "imagenet1k": {"acc1": 0.745, "acc5": 0.94406, "mean_per_class_recall": 0.74506}, "imagenet1k_cn": {"acc1": 0.59568, "acc5": 0.84918, "mean_per_class_recall": 0.5948599999999999}, "imagenet1k_jp": {"acc1": 0.09454, "acc5": 0.17452, "mean_per_class_recall": 0.09440000000000001}, "imagenet1k_it": {"acc1": 0.29182, "acc5": 0.45738, "mean_per_class_recall": 0.29124}, "imagenet-a": {"acc1": 0.6953333333333334, "acc5": 0.9048, "mean_per_class_recall": 0.6668583428668842}, "imagenet-a_cn": {"acc1": 0.6124, "acc5": 0.8713333333333333, "mean_per_class_recall": 0.5921668034633918}, "imagenet-a_jp": {"acc1": 0.07586666666666667, "acc5": 0.13973333333333332, "mean_per_class_recall": 0.08686279180526008}, "imagenet-a_it": {"acc1": 0.32613333333333333, "acc5": 0.482, "mean_per_class_recall": 0.3211908872410211}, "imagenet-r": {"acc1": 0.8718666666666667, "acc5": 0.9686333333333333, "mean_per_class_recall": 0.8574962487190403}, "imagenet-r_cn": {"acc1": 0.8243333333333334, "acc5": 0.9463, "mean_per_class_recall": 0.810219060166447}, "imagenet-r_jp": {"acc1": 0.1311, "acc5": 0.20403333333333334, "mean_per_class_recall": 0.12479454579493264}, "imagenet-r_it": {"acc1": 0.5015333333333334, "acc5": 0.6411333333333333, "mean_per_class_recall": 0.4786238651927448}, "imagenet-sketch": {"acc1": 0.5871013382066851, "acc5": 0.8376466426929199, "mean_per_class_recall": 0.587438431372549}, "imagenet-sketch_cn": {"acc1": 0.4841714319401049, "acc5": 0.7541708424217415, "mean_per_class_recall": 0.4831835294117647}, "imagenet-sketch_jp": {"acc1": 0.08265047456228261, "acc5": 0.1677965768633693, "mean_per_class_recall": 0.08254117647058823}, "imagenet-sketch_it": {"acc1": 0.2491894122501916, "acc5": 0.41985497848257974, "mean_per_class_recall": 0.24893803921568627}, "imagenetv2": {"acc1": 0.6816, "acc5": 0.9078, "mean_per_class_recall": 0.6815}, "imagenetv2_cn": {"acc1": 0.5401, "acc5": 0.8121, "mean_per_class_recall": 0.5401}, "imagenetv2_jp": {"acc1": 0.088, "acc5": 0.1634, "mean_per_class_recall": 0.0875}, "imagenetv2_it": {"acc1": 0.2654, "acc5": 0.4301, "mean_per_class_recall": 0.2653}, "birdsnap": {"acc1": 0.32133090246125795, "acc5": 0.6185050136736554, "mean_per_class_recall": 0.3209418837675351}, "caltech101": {"acc1": 0.8684383202099738, "acc5": 0.9662073490813649, "mean_per_class_recall": 0.9303200646419708}, "cars": {"acc1": 0.7648302449944037, "acc5": 0.9818430543464743, "mean_per_class_recall": 0.7624548354368915}, "cifar10": {"acc1": 0.9545, "acc5": 0.9962, "mean_per_class_recall": 0.9544}, "cifar100": {"acc1": 0.7891, "acc5": 0.9443, "mean_per_class_recall": 0.7891000000000001}, "country211": {"acc1": 0.053791469194312796, "acc5": 0.12488151658767772, "mean_per_class_recall": 0.05369668246445497}, "dtd": {"acc1": 0.5670212765957446, "acc5": 0.8526595744680852, "mean_per_class_recall": 0.5675531914893617}, "eurosat": {"acc1": 0.5841851851851851, "acc5": 0.895, "mean_per_class_recall": 0.5950566666666666}, "fer2013": {"acc1": 0.5374756199498467, "acc5": 0.9575090554471998, "mean_per_class_recall": 0.5621509391631152}, "fgvc-aircraft": {"acc1": 0.3021302130213021, "acc5": 0.7536753675367537, "mean_per_class_recall": 0.30097147950089126}, "flowers": {"acc1": 0.011709221011546592, "acc5": 0.05561879980484632, "mean_per_class_recall": 0.007623496261884901}, "food101": {"acc1": 0.9297029702970298, "acc5": 0.992990099009901, "mean_per_class_recall": 0.9297029702970296}, "gtsrb": {"acc1": 0.511243072050673, "acc5": 0.804117181314331, "mean_per_class_recall": 0.4904304307646067}, "kinetics400": {"acc1": 0.5553534303534303, "acc5": 0.7966735966735967, "mean_per_class_recall": 0.5559118159173677}, "kinetics600": {"acc1": 0.5591513361085001, "acc5": 0.8069356787968309, "mean_per_class_recall": 0.5592220969655208}, "kinetics700": {"acc1": 0.4671730554083495, "acc5": 0.7176882765118059, "mean_per_class_recall": 0.4665584829224825}, "mnist": {"acc1": 0.6937, "acc5": 0.9255, "mean_per_class_recall": 0.6997661470817452}, "objectnet": {"acc1": 0.6892430278884463, "acc5": 0.8806934424464304, "mean_per_class_recall": 0.6718897430788353}, "pcam": {"acc1": 0.577728271484375, "acc5": NaN, "mean_per_class_recall": 0.5775550037629723}, "pets": {"acc1": 0.9356772962660126, "acc5": 0.9983646770237122, "mean_per_class_recall": 0.9354820499914906}, "renderedsst2": {"acc1": 0.7237781438769907, "acc5": NaN, "mean_per_class_recall": 0.72379820218864}, "resisc45": {"acc1": 0.6601269841269841, "acc5": 0.9448253968253968, "mean_per_class_recall": 0.6601269841269841}, "stl10": {"acc1": 0.994, "acc5": 1.0, "mean_per_class_recall": 0.9940000000000001}, "sun397": {"acc1": 0.6955882082498115, "acc5": 0.9454640748846019, "mean_per_class_recall": 0.6998828589615136}, "ucf101": {"acc1": 0.7244270043699278, "acc5": 0.9313297065905646, "mean_per_class_recall": 0.721090565575761}, "voc2007": {"acc1": 0.8102964743589743, "acc5": 0.969551282051282, "mean_per_class_recall": 0.8662689394296266}, "voc2007_multilabel": {"mean_average_precision": 0.8229731321334839}, "flickr30k": {"IR@1": 0.7250000238418579, "TR@1": 0.8610000014305115, "IR@5": 0.9160000085830688, "TR@5": 0.9800000190734863, "IR@10": 0.9538000226020813, "TR@10": 0.9909999966621399, "MR": 0.9044666786988577}, "flickr30k_cn": {"IR@1": 0.6976000070571899, "TR@1": 0.8500000238418579, "IR@5": 0.8984000086784363, "TR@5": 0.9739999771118164, "IR@10": 0.9466000199317932, "TR@10": 0.9869999885559082, "MR": 0.8922666708628336}, "multi30k_en": {"IR@1": 0.7247999906539917, "TR@1": 0.8640000224113464, "IR@5": 0.9182000160217285, "TR@5": 0.9810000061988831, "IR@10": 0.9538000226020813, "TR@10": 0.9900000095367432, "MR": 0.9053000112374624}, "multi30k_fr": {"IR@1": 0.4189999997615814, "TR@1": 0.4690000116825104, "IR@5": 0.6990000009536743, "TR@5": 0.7289999723434448, "IR@10": 0.796999990940094, "TR@10": 0.8270000219345093, "MR": 0.6566666662693024}, "multi30k_de": {"IR@1": 0.28619998693466187, "TR@1": 0.5049999952316284, "IR@5": 0.5414000153541565, "TR@5": 0.7760000228881836, "IR@10": 0.6335999965667725, "TR@10": 0.8610000014305115, "MR": 0.6005333364009857}, "multi30k_cs": {"IR@1": 0.05700000002980232, "TR@1": 0.10100000351667404, "IR@5": 0.1379999965429306, "TR@5": 0.20600000023841858, "IR@10": 0.18299999833106995, "TR@10": 0.2630000114440918, "MR": 0.15800000168383121}, "mscoco_captions": {"IR@1": 0.4291883111000061, "TR@1": 0.5866000056266785, "IR@5": 0.6799280047416687, "TR@5": 0.8065999746322632, "IR@10": 0.7742902636528015, "TR@10": 0.8776000142097473, "MR": 0.6923677623271942}, "mscoco_captions_cn_1k": {"IR@1": 0.6391263008117676, "TR@1": 0.6290000081062317, "IR@5": 0.8727445602416992, "TR@5": 0.8870000243186951, "IR@10": 0.9392212629318237, "TR@10": 0.9539999961853027, "MR": 0.8201820254325867}, "mscoco_captions_cn_5k": {"IR@1": 0.6128000020980835, "TR@1": 0.777999997138977, "IR@5": 0.8605999946594238, "TR@5": 0.9440000057220459, "IR@10": 0.9314000010490417, "TR@10": 0.9760000109672546, "MR": 0.8504666686058044}, "xtd_en": {"IR@1": 0.6646646857261658, "TR@1": 0.6526526808738708, "IR@5": 0.8918918967247009, "TR@5": 0.8968968987464905, "IR@10": 0.9459459185600281, "TR@10": 0.9639639854431152, "MR": 0.8360026776790619}, "xtd_de": {"IR@1": 0.3123123049736023, "TR@1": 0.38138139247894287, "IR@5": 0.5895895957946777, "TR@5": 0.6606606841087341, "IR@10": 0.7097097039222717, "TR@10": 0.7647647857666016, "MR": 0.5697364111741384}, "xtd_es": {"IR@1": 0.3547094166278839, "TR@1": 0.4088176488876343, "IR@5": 0.6432865858078003, "TR@5": 0.6833667159080505, "IR@10": 0.7675350904464722, "TR@10": 0.796593189239502, "MR": 0.6090514411528906}, "xtd_fr": {"IR@1": 0.38938939571380615, "TR@1": 0.46846845746040344, "IR@5": 0.6706706881523132, "TR@5": 0.7167167067527771, "IR@10": 0.7757757902145386, "TR@10": 0.8258258104324341, "MR": 0.6411411414543787}, "xtd_it": {"IR@1": 0.27254509925842285, "TR@1": 0.3326653242111206, "IR@5": 0.5240480899810791,