{"model_info": {"model_name": "cn-clip-L", "vision_encoder": "VIT-L", "text_encoder": "RoBERTa-wwm-L", "agency": "damo"}, "imagenet1k": {"acc1": 0.31948, "acc5": 0.52372, "mean_per_class_recall": 0.31954}, "imagenet1k_cn": {"acc1": 0.5328, "acc5": 0.81102, "mean_per_class_recall": 0.5328200000000001}, "imagenet1k_jp": {"acc1": 0.1593, "acc5": 0.24852, "mean_per_class_recall": 0.15922}, "imagenet1k_it": {"acc1": 0.07214, "acc5": 0.13176, "mean_per_class_recall": 0.07212}, "imagenet-a": {"acc1": 0.3098666666666667, "acc5": 0.5222666666666667, "mean_per_class_recall": 0.3045740262431647}, "imagenet-a_cn": {"acc1": 0.43266666666666664, "acc5": 0.7364, "mean_per_class_recall": 0.4596495646522119}, "imagenet-a_jp": {"acc1": 0.1088, "acc5": 0.20093333333333332, "mean_per_class_recall": 0.13853108189561994}, "imagenet-a_it": {"acc1": 0.078, "acc5": 0.13973333333333332, "mean_per_class_recall": 0.09348470135478852}, "imagenet-r": {"acc1": 0.5670666666666667, "acc5": 0.7313666666666667, "mean_per_class_recall": 0.5045703121562116}, "imagenet-r_cn": {"acc1": 0.7808666666666667, "acc5": 0.9333666666666667, "mean_per_class_recall": 0.7591681199668875}, "imagenet-r_jp": {"acc1": 0.19166666666666668, "acc5": 0.24733333333333332, "mean_per_class_recall": 0.1880085432599841}, "imagenet-r_it": {"acc1": 0.16453333333333334, "acc5": 0.2602333333333333, "mean_per_class_recall": 0.16185349503826693}, "imagenet-sketch": {"acc1": 0.3023443180255065, "acc5": 0.49792686042170214, "mean_per_class_recall": 0.3026407843137255}, "imagenet-sketch_cn": {"acc1": 0.47295093242154496, "acc5": 0.7456817779873843, "mean_per_class_recall": 0.47334588235294117}, "imagenet-sketch_jp": {"acc1": 0.14930535086167934, "acc5": 0.23515887519896245, "mean_per_class_recall": 0.14931960784313725}, "imagenet-sketch_it": {"acc1": 0.07133172198313978, "acc5": 0.136237693804162, "mean_per_class_recall": 0.0713243137254902}, "imagenetv2": {"acc1": 0.2817, "acc5": 0.4869, "mean_per_class_recall": 0.2819}, "imagenetv2_cn": {"acc1": 0.481, "acc5": 0.7655, "mean_per_class_recall": 0.4805}, "imagenetv2_jp": {"acc1": 0.1413, "acc5": 0.2342, "mean_per_class_recall": 0.1415}, "imagenetv2_it": {"acc1": 0.0631, "acc5": 0.122, "mean_per_class_recall": 0.0632}, "birdsnap": {"acc1": 0.020966271649954422, "acc5": 0.07657247037374658, "mean_per_class_recall": 0.02177688710754843}, "caltech101": {"acc1": 0.7159886264216972, "acc5": 0.8707349081364829, "mean_per_class_recall": 0.6996792787355176}, "cars": {"acc1": 0.4000746175848775, "acc5": 0.7477925631140405, "mean_per_class_recall": 0.39495571474722463}, "cifar10": {"acc1": 0.9351, "acc5": 0.997, "mean_per_class_recall": 0.9349000000000001}, "cifar100": {"acc1": 0.6136, "acc5": 0.8073, "mean_per_class_recall": 0.6138}, "country211": {"acc1": 0.016066350710900474, "acc5": 0.04578199052132701, "mean_per_class_recall": 0.01611374407582938}, "dtd": {"acc1": 0.19574468085106383, "acc5": 0.4186170212765957, "mean_per_class_recall": 0.1957446808510638}, "eurosat": {"acc1": 0.3734074074074074, "acc5": 0.8182962962962963, "mean_per_class_recall": 0.39447}, "fer2013": {"acc1": 0.320980774589022, "acc5": 0.8435497353023126, "mean_per_class_recall": 0.25913949042374324}, "fgvc-aircraft": {"acc1": 0.0894089408940894, "acc5": 0.2664266426642664, "mean_per_class_recall": 0.08902852049910873}, "flowers": {"acc1": 0.007318263132216621, "acc5": 0.039193364774760125, "mean_per_class_recall": 0.006300187794042943}, "food101": {"acc1": 0.4272079207920792, "acc5": 0.667009900990099, "mean_per_class_recall": 0.4275247524752475}, "gtsrb": {"acc1": 0.36310372129849566, "acc5": 0.6578780680918448, "mean_per_class_recall": 0.3131496248293519}, "kinetics400": {"acc1": 0.3166839916839917, "acc5": 0.5702182952182953, "mean_per_class_recall": 0.3175440003589886}, "kinetics600": {"acc1": 0.2911910836578488, "acc5": 0.5337719887202901, "mean_per_class_recall": 0.29092878793361315}, "kinetics700": {"acc1": 0.24268386033091915, "acc5": 0.4673202614379085, "mean_per_class_recall": 0.24272065007954746}, "mnist": {"acc1": 0.3688, "acc5": 0.7819, "mean_per_class_recall": 0.3631299241444078}, "objectnet": {"acc1": 0.3848390222892215, "acc5": 0.6071390115214816, "mean_per_class_recall": 0.37554966135211537}, "pcam": {"acc1": 0.6048583984375, "acc5": NaN, "mean_per_class_recall": 0.6048207232215086}, "pets": {"acc1": 0.27745979831016626, "acc5": 0.5208503679476697, "mean_per_class_recall": 0.2759165339430435}, "renderedsst2": {"acc1": 0.46897309170785284, "acc5": NaN, "mean_per_class_recall": 0.4692982456140351}, "resisc45": {"acc1": 0.48044444444444445, "acc5": 0.8190793650793651, "mean_per_class_recall": 0.4806984126984128}, "stl10": {"acc1": 0.9715, "acc5": 0.99925, "mean_per_class_recall": 0.9713749999999999}, "sun397": {"acc1": 0.45320631884804236, "acc5": 0.7287639994850764, "mean_per_class_recall": 0.39545310649330495}, "ucf101": {"acc1": 0.38285918130741103, "acc5": 0.5780790154285205, "mean_per_class_recall": 0.37984437233535706}, "voc2007": {"acc1": 0.7458600427350427, "acc5": 0.9816372863247863, "mean_per_class_recall": 0.8715274573716242}, "voc2007_multilabel": {"mean_average_precision": 0.8023274540901184}, "flickr30k": {"IR@1": 0.43959999084472656, "TR@1": 0.6169999837875366, "IR@5": 0.722000002861023, "TR@5": 0.8740000128746033, "IR@10": 0.8055999875068665, "TR@10": 0.9409999847412109, "MR": 0.7331999937693278}, "flickr30k_cn": {"IR@1": 0.6610000133514404, "TR@1": 0.800000011920929, "IR@5": 0.8876000046730042, "TR@5": 0.9629999995231628, "IR@10": 0.9391999840736389, "TR@10": 0.9810000061988831, "MR": 0.871966669956843}, "multi30k_en": {"IR@1": 0.43720000982284546, "TR@1": 0.625, "IR@5": 0.72079998254776, "TR@5": 0.871999979019165, "IR@10": 0.8073999881744385, "TR@10": 0.9430000185966492, "MR": 0.7342333296934763}, "multi30k_fr": {"IR@1": 0.0729999989271164, "TR@1": 0.10599999874830246, "IR@5": 0.1770000010728836, "TR@5": 0.22300000488758087, "IR@10": 0.2370000034570694, "TR@10": 0.28299999237060547, "MR": 0.1831666665772597}, "multi30k_de": {"IR@1": 0.03220000118017197, "TR@1": 0.09300000220537186, "IR@5": 0.0966000035405159, "TR@5": 0.22599999606609344, "IR@10": 0.1379999965429306, "TR@10": 0.296999990940094, "MR": 0.14713333174586296}, "multi30k_cs": {"IR@1": 0.01600000075995922, "TR@1": 0.026000000536441803, "IR@5": 0.04399999976158142, "TR@5": 0.06300000101327896, "IR@10": 0.06400000303983688, "TR@10": 0.0860000029206276, "MR": 0.04983333467195431}, "mscoco_captions": {"IR@1": 0.22878848016262054, "TR@1": 0.3434000015258789, "IR@5": 0.45545780658721924, "TR@5": 0.6043999791145325, "IR@10": 0.5679728388786316, "TR@10": 0.7170000076293945, "MR": 0.48616985231637955}, "mscoco_captions_cn_1k": {"IR@1": 0.6353276371955872, "TR@1": 0.5830000042915344, "IR@5": 0.8765432238578796, "TR@5": 0.8460000157356262, "IR@10": 0.9392212629318237, "TR@10": 0.9120000004768372, "MR": 0.7986820240815481}, "mscoco_captions_cn_5k": {"IR@1": 0.5756000280380249, "TR@1": 0.6899999976158142, "IR@5": 0.8438000082969666, "TR@5": 0.9070000052452087, "IR@10": 0.91839998960495, "TR@10": 0.9520000219345093, "MR": 0.814466675122579}, "xtd_en": {"IR@1": 0.44044044613838196, "TR@1": 0.42042040824890137, "IR@5": 0.7047047019004822, "TR@5": 0.7337337136268616, "IR@10": 0.8318318128585815, "TR@10": 0.8588588833808899, "MR": 0.6649983276923498}, "xtd_de": {"IR@1": 0.053053051233291626, "TR@1": 0.07207207381725311, "IR@5": 0.1301301270723343, "TR@5": 0.17917917668819427, "IR@10": 0.18418417870998383, "TR@10": 0.27827829122543335, "MR": 0.1494828164577484}, "xtd_es": {"IR@1": 0.05210420861840248, "TR@1": 0.05511021986603737, "IR@5": 0.11623246222734451, "TR@5": 0.16132263839244843, "IR@10": 0.1883767545223236, "TR@10": 0.23346693813800812, "MR": 0.13443553696076074}, "xtd_fr": {"IR@1": 0.06806806474924088, "TR@1": 0.091091088950634, "IR@5": 0.20520520210266113, "TR@5": 0.22922922670841217, "IR@10": 0.29929929971694946, "TR@10": 0.33833834528923035, "MR": 0.205205204586188}, "xtd_it": {"IR@1": 0.04909819737076759,