{"model_info": {"model_name": "openai-clip-L-336", "vision_encoder": "VIT-L", "text_encoder": "CLIP-L", "agency": "openai"}, "imagenet1k": {"acc1": 0.76574, "acc5": 0.95136, "mean_per_class_recall": 0.76584}, "imagenet1k_cn": {"acc1": 0.02082, "acc5": 0.07, "mean_per_class_recall": 0.0208}, "imagenet1k_jp": {"acc1": 0.04746, "acc5": 0.10908, "mean_per_class_recall": 0.04754}, "imagenet1k_it": {"acc1": 0.27668, "acc5": 0.43908, "mean_per_class_recall": 0.27603999999999995}, "imagenet-a": {"acc1": 0.7762666666666667, "acc5": 0.9365333333333333, "mean_per_class_recall": 0.7374798676910427}, "imagenet-a_cn": {"acc1": 0.05386666666666667, "acc5": 0.20106666666666667, "mean_per_class_recall": 0.04561767957782891}, "imagenet-a_jp": {"acc1": 0.0768, "acc5": 0.1808, "mean_per_class_recall": 0.07368070854553953}, "imagenet-a_it": {"acc1": 0.31826666666666664, "acc5": 0.49493333333333334, "mean_per_class_recall": 0.3131815476425567}, "imagenet-r": {"acc1": 0.8902333333333333, "acc5": 0.9755666666666667, "mean_per_class_recall": 0.8769496522417464}, "imagenet-r_cn": {"acc1": 0.0461, "acc5": 0.1453, "mean_per_class_recall": 0.04743976524342358}, "imagenet-r_jp": {"acc1": 0.1212, "acc5": 0.23963333333333334, "mean_per_class_recall": 0.11306940087238311}, "imagenet-r_it": {"acc1": 0.4624666666666667, "acc5": 0.6111, "mean_per_class_recall": 0.44983286755939406}, "imagenet-sketch": {"acc1": 0.6096012890801549, "acc5": 0.8498496728173083, "mean_per_class_recall": 0.6094639215686275}, "imagenet-sketch_cn": {"acc1": 0.019021792528837272, "acc5": 0.06343217591227966, "mean_per_class_recall": 0.018914509803921568}, "imagenet-sketch_jp": {"acc1": 0.04177720135982236, "acc5": 0.10188842382440214, "mean_per_class_recall": 0.04182}, "imagenet-sketch_it": {"acc1": 0.23865668415571145, "acc5": 0.4072982373400931, "mean_per_class_recall": 0.2384756862745098}, "imagenetv2": {"acc1": 0.7077, "acc5": 0.9165, "mean_per_class_recall": 0.7079000000000001}, "imagenetv2_cn": {"acc1": 0.0195, "acc5": 0.0616, "mean_per_class_recall": 0.019799999999999998}, "imagenetv2_jp": {"acc1": 0.0439, "acc5": 0.1008, "mean_per_class_recall": 0.0435}, "imagenetv2_it": {"acc1": 0.2513, "acc5": 0.4157, "mean_per_class_recall": 0.25020000000000003}, "birdsnap": {"acc1": 0.41522333637192343, "acc5": 0.6709206927985415, "mean_per_class_recall": 0.414562458249833}, "caltech101": {"acc1": 0.8720472440944882, "acc5": 0.973753280839895, "mean_per_class_recall": 0.9324569889150697}, "cars": {"acc1": 0.7895784106454421, "acc5": 0.9830866807610994, "mean_per_class_recall": 0.7883876547606808}, "cifar10": {"acc1": 0.9493, "acc5": 0.9959, "mean_per_class_recall": 0.9495000000000001}, "cifar100": {"acc1": 0.7434, "acc5": 0.929, "mean_per_class_recall": 0.7439999999999999}, "country211": {"acc1": 0.07042654028436018, "acc5": 0.15758293838862558, "mean_per_class_recall": 0.07052132701421801}, "dtd": {"acc1": 0.5632978723404255, "acc5": 0.8404255319148937, "mean_per_class_recall": 0.5632978723404256}, "eurosat": {"acc1": 0.44592592592592595, "acc5": 0.9107037037037037, "mean_per_class_recall": 0.4544266666666667}, "fer2013": {"acc1": 0.48927277793257173, "acc5": 0.951797157982725, "mean_per_class_recall": 0.5178740761286674}, "fgvc-aircraft": {"acc1": 0.3327332733273327, "acc5": 0.783078307830783, "mean_per_class_recall": 0.3331283422459893}, "flowers": {"acc1": 0.01154659294194178, "acc5": 0.05757033664010408, "mean_per_class_recall": 0.0068736969071821336}, "food101": {"acc1": 0.9384950495049504, "acc5": 0.9949306930693069, "mean_per_class_recall": 0.9384554455445544}, "gtsrb": {"acc1": 0.5238321456848772, "acc5": 0.7600158353127474, "mean_per_class_recall": 0.45191344895414665}, "kinetics400": {"acc1": 0.5628898128898129, "acc5": 0.8031185031185031, "mean_per_class_recall": 0.5632603755274985}, "kinetics600": {"acc1": 0.5671747012219686, "acc5": 0.811131999462871, "mean_per_class_recall": 0.5672249015933848}, "kinetics700": {"acc1": 0.47503385738679854, "acc5": 0.722251663428134, "mean_per_class_recall": 0.47452153895544064}, "mnist": {"acc1": 0.7501, "acc5": 0.9506, "mean_per_class_recall": 0.7461622324426639}, "objectnet": {"acc1": 0.7195542155701519, "acc5": 0.9007752772693012, "mean_per_class_recall": 0.7025117430334904}, "pcam": {"acc1": 0.60760498046875, "acc5": NaN, "mean_per_class_recall": 0.607662773786023}, "pets": {"acc1": 0.9384028345598255, "acc5": 0.9983646770237122, "mean_per_class_recall": 0.9382264583217736}, "renderedsst2": {"acc1": 0.7062053816584294, "acc5": NaN, "mean_per_class_recall": 0.70628510219443}, "resisc45": {"acc1": 0.6358412698412699, "acc5": 0.9187619047619048, "mean_per_class_recall": 0.6362539682539683}, "stl10": {"acc1": 0.99425, "acc5": 0.999875, "mean_per_class_recall": 0.994375}, "sun397": {"acc1": 0.6843886201886827, "acc5": 0.9395148684186329, "mean_per_class_recall": 0.6917304203053563}, "ucf101": {"acc1": 0.7281726567377151, "acc5": 0.9258004102381164, "mean_per_class_recall": 0.7225103396319795}, "voc2007": {"acc1": 0.7721020299145299, "acc5": 0.9665464743589743, "mean_per_class_recall": 0.8585827459782811}, "voc2007_multilabel": {"mean_average_precision": 0.8155703544616699}, "flickr30k": {"IR@1": 0.6732000112533569, "TR@1": 0.8740000128746033, "IR@5": 0.8906000256538391, "TR@5": 0.9829999804496765, "IR@10": 0.9330000281333923, "TR@10": 0.9929999709129333, "MR": 0.8911333382129669}, "flickr30k_cn": {"IR@1": 0.004000000189989805, "TR@1": 0.03099999949336052, "IR@5": 0.021800000220537186, "TR@5": 0.08100000023841858, "IR@10": 0.03799999877810478, "TR@10": 0.13300000131130219, "MR": 0.05146666670528551}, "multi30k_en": {"IR@1": 0.6687999963760376, "TR@1": 0.8769999742507935, "IR@5": 0.8903999924659729, "TR@5": 0.9850000143051147, "IR@10": 0.9337999820709229, "TR@10": 0.9940000176429749, "MR": 0.8914999961853027}, "multi30k_fr": {"IR@1": 0.3149999976158142, "TR@1": 0.37599998712539673, "IR@5": 0.5580000281333923, "TR@5": 0.6460000276565552, "IR@10": 0.6819999814033508, "TR@10": 0.7409999966621399, "MR": 0.5530000030994415}, "multi30k_de": {"IR@1": 0.17299999296665192, "TR@1": 0.4099999964237213, "IR@5": 0.36419999599456787, "TR@5": 0.6819999814033508, "IR@10": 0.46299999952316284, "TR@10": 0.7940000295639038, "MR": 0.4810333326458931}, "multi30k_cs": {"IR@1": 0.014000000432133675, "TR@1": 0.057999998331069946, "IR@5": 0.05999999865889549, "TR@5": 0.14300000667572021, "IR@10": 0.09000000357627869, "TR@10": 0.1940000057220459, "MR": 0.09316666889935732}, "mscoco_captions": {"IR@1": 0.3710515797138214, "TR@1": 0.5794000029563904, "IR@5": 0.6166333556175232, "TR@5": 0.8122000098228455, "IR@10": 0.7148740291595459, "TR@10": 0.8784000277519226, "MR": 0.6620931675036749}, "mscoco_captions_cn_1k": {"IR@1": 0.009496675804257393, "TR@1": 0.023000000044703484, "IR@5": 0.03608736768364906, "TR@5": 0.07800000160932541, "IR@10": 0.06457740068435669, "TR@10": 0.1289999932050705, "MR": 0.05669357317189375}, "mscoco_captions_cn_5k": {"IR@1": 0.01080000028014183, "TR@1": 0.026000000536441803, "IR@5": 0.035999998450279236, "TR@5": 0.10400000214576721, "IR@10": 0.05920000001788139, "TR@10": 0.15299999713897705, "MR": 0.06483333309491475}, "xtd_en": {"IR@1": 0.5825825929641724, "TR@1": 0.6436436176300049, "IR@5": 0.8348348140716553, "TR@5": 0.8788788914680481, "IR@10": 0.9269269108772278, "TR@10": 0.9429429173469543, "MR": 0.8016349573930105}, "xtd_de": {"IR@1": 0.20520520210266113, "TR@1": 0.29929929971694946, "IR@5": 0.42042040824890137, "TR@5": 0.5795795917510986, "IR@10": 0.5595595836639404, "TR@10": 0.7057057023048401, "MR": 0.46162829796473187}, "xtd_es": {"IR@1": 0.2665330767631531, "TR@1": 0.34368738532066345, "IR@5": 0.508016049861908, "TR@5": 0.5901803374290466, "IR@10": 0.6362725496292114, "TR@10": 0.7154308557510376, "MR": 0.51002004245917}, "xtd_fr": {"IR@1": 0.3053053021430969, "TR@1": 0.34634634852409363, "IR@5": 0.5605605840682983, "TR@5": 0.6146146059036255, "IR@10": 0.6676676869392395, "TR@10": 0.7277277112007141, "MR": 0.5370370397965113},