{"model_info": {"model_name": "openclip-H-XLMR-L", "vision_encoder": "VIT-H", "text_encoder": "XLMR-L", "agency": "openclip"}, "imagenet1k": {"acc1": 0.7695, "acc5": 0.9513, "mean_per_class_recall": 0.7695599999999999}, "imagenet1k_cn": {"acc1": 0.55946, "acc5": 0.81784, "mean_per_class_recall": 0.55864}, "imagenet1k_jp": {"acc1": 0.53036, "acc5": 0.75464, "mean_per_class_recall": 0.5291800000000001}, "imagenet1k_it": {"acc1": 0.5677, "acc5": 0.78654, "mean_per_class_recall": 0.5658399999999999}, "imagenet-a": {"acc1": 0.5926666666666667, "acc5": 0.8458666666666667, "mean_per_class_recall": 0.5743423627677909}, "imagenet-a_cn": {"acc1": 0.48946666666666666, "acc5": 0.7781333333333333, "mean_per_class_recall": 0.4741753898287091}, "imagenet-a_jp": {"acc1": 0.4492, "acc5": 0.7002666666666667, "mean_per_class_recall": 0.4528548728148704}, "imagenet-a_it": {"acc1": 0.45093333333333335, "acc5": 0.7097333333333333, "mean_per_class_recall": 0.44722018168722927}, "imagenet-r": {"acc1": 0.8942333333333333, "acc5": 0.9720666666666666, "mean_per_class_recall": 0.8806020264135772}, "imagenet-r_cn": {"acc1": 0.8109333333333333, "acc5": 0.9419666666666666, "mean_per_class_recall": 0.7850909732914169}, "imagenet-r_jp": {"acc1": 0.7756, "acc5": 0.9098, "mean_per_class_recall": 0.7582549721811985}, "imagenet-r_it": {"acc1": 0.7977333333333333, "acc5": 0.9238, "mean_per_class_recall": 0.7736513057145712}, "imagenet-sketch": {"acc1": 0.6581383010080764, "acc5": 0.8792862897679262, "mean_per_class_recall": 0.6584384313725491}, "imagenet-sketch_cn": {"acc1": 0.4954705339071312, "acc5": 0.7573935428088585, "mean_per_class_recall": 0.4949498039215687}, "imagenet-sketch_jp": {"acc1": 0.4990862465365796, "acc5": 0.7193499577511839, "mean_per_class_recall": 0.49857764705882346}, "imagenet-sketch_it": {"acc1": 0.5189923166106625, "acc5": 0.7498870089803298, "mean_per_class_recall": 0.5179364705882353}, "imagenetv2": {"acc1": 0.6948, "acc5": 0.9105, "mean_per_class_recall": 0.695}, "imagenetv2_cn": {"acc1": 0.5016, "acc5": 0.7714, "mean_per_class_recall": 0.5008}, "imagenetv2_jp": {"acc1": 0.4732, "acc5": 0.7033, "mean_per_class_recall": 0.4723}, "imagenetv2_it": {"acc1": 0.5101, "acc5": 0.7385, "mean_per_class_recall": 0.5092}, "birdsnap": {"acc1": 0.4644484958979034, "acc5": 0.7082953509571559, "mean_per_class_recall": 0.46837007348029397}, "caltech101": {"acc1": 0.8863735783027121, "acc5": 0.9612860892388452, "mean_per_class_recall": 0.948770448088637}, "cars": {"acc1": 0.9364506902126601, "acc5": 0.998756373585375, "mean_per_class_recall": 0.9373303033979359}, "cifar10": {"acc1": 0.9719, "acc5": 0.999, "mean_per_class_recall": 0.9717}, "cifar100": {"acc1": 0.8431, "acc5": 0.9725, "mean_per_class_recall": 0.8429000000000001}, "country211": {"acc1": 0.06018957345971564, "acc5": 0.1305687203791469, "mean_per_class_recall": 0.06018957345971564}, "dtd": {"acc1": 0.6925531914893617, "acc5": 0.9207446808510639, "mean_per_class_recall": 0.6925531914893617}, "eurosat": {"acc1": 0.6263703703703704, "acc5": 0.9706666666666667, "mean_per_class_recall": 0.6354633333333333}, "fer2013": {"acc1": 0.5319030370576763, "acc5": 0.9483142936751184, "mean_per_class_recall": 0.4925060427431816}, "fgvc-aircraft": {"acc1": 0.4665466546654665, "acc5": 0.8970897089708971, "mean_per_class_recall": 0.46525846702317286}, "flowers": {"acc1": 0.004553585948934786, "acc5": 0.04374695072369491, "mean_per_class_recall": 0.003016870565890174}, "food101": {"acc1": 0.9220594059405941, "acc5": 0.9917623762376238, "mean_per_class_recall": 0.9221386138613861}, "gtsrb": {"acc1": 0.6240696753760887, "acc5": 0.8570071258907364, "mean_per_class_recall": 0.5853981721570195}, "kinetics400": {"acc1": 0.5481288981288981, "acc5": 0.7802494802494803, "mean_per_class_recall": 0.5487621547026358}, "kinetics600": {"acc1": 0.5603598764603196, "acc5": 0.7902175372633276, "mean_per_class_recall": 0.560310569424604}, "kinetics700": {"acc1": 0.45633869163280927, "acc5": 0.6929871047518106, "mean_per_class_recall": 0.4558015197119352}, "mnist": {"acc1": 0.6991, "acc5": 0.9379, "mean_per_class_recall": 0.7059291451962795}, "objectnet": {"acc1": 0.6919349628512975, "acc5": 0.8745019920318725, "mean_per_class_recall": 0.6800341291856021}, "pcam": {"acc1": 0.57904052734375, "acc5": NaN, "mean_per_class_recall": 0.5790874413225228}, "pets": {"acc1": 0.9427636958299264, "acc5": 0.9989097846824748, "mean_per_class_recall": 0.9430862517940344}, "renderedsst2": {"acc1": 0.6436024162548051, "acc5": NaN, "mean_per_class_recall": 0.6436222569625383}, "resisc45": {"acc1": 0.6851111111111111, "acc5": 0.9430793650793651, "mean_per_class_recall": 0.6847936507936508}, "stl10": {"acc1": 0.988875, "acc5": 0.99975, "mean_per_class_recall": 0.9888749999999998}, "sun397": {"acc1": 0.7543446677823344, "acc5": 0.9625209187708038, "mean_per_class_recall": 0.7551595801295292}, "ucf101": {"acc1": 0.7554624097030233, "acc5": 0.9320431641844288, "mean_per_class_recall": 0.7504448903020984}, "voc2007": {"acc1": 0.7968082264957265, "acc5": 0.9548611111111112, "mean_per_class_recall": 0.8547627163801794}, "voc2007_multilabel": {"mean_average_precision": 0.8370397686958313}, "flickr30k": {"IR@1": 0.774399995803833, "TR@1": 0.9200000166893005, "IR@5": 0.9394000172615051, "TR@5": 0.9919999837875366, "IR@10": 0.9670000076293945, "TR@10": 0.9980000257492065, "MR": 0.9318000078201294}, "flickr30k_cn": {"IR@1": 0.7088000178337097, "TR@1": 0.8610000014305115, "IR@5": 0.90420001745224, "TR@5": 0.9750000238418579, "IR@10": 0.9485999941825867, "TR@10": 0.9919999837875366, "MR": 0.8982666730880737}, "multi30k_en": {"IR@1": 0.7739999890327454, "TR@1": 0.9190000295639038, "IR@5": 0.9391999840736389, "TR@5": 0.9929999709129333, "IR@10": 0.9670000076293945, "TR@10": 0.9980000257492065, "MR": 0.9317000011603037}, "multi30k_fr": {"IR@1": 0.7490000128746033, "TR@1": 0.7680000066757202, "IR@5": 0.9259999990463257, "TR@5": 0.9430000185966492, "IR@10": 0.9679999947547913, "TR@10": 0.9710000157356262, "MR": 0.887500007947286}, "multi30k_de": {"IR@1": 0.6840000152587891, "TR@1": 0.871999979019165, "IR@5": 0.8949999809265137, "TR@5": 0.9750000238418579, "IR@10": 0.9391999840736389, "TR@10": 0.9950000047683716, "MR": 0.893366664648056}, "multi30k_cs": {"IR@1": 0.6970000267028809, "TR@1": 0.7070000171661377, "IR@5": 0.8939999938011169, "TR@5": 0.9049999713897705, "IR@10": 0.9480000138282776, "TR@10": 0.9509999752044678, "MR": 0.8503333330154419}, "mscoco_captions": {"IR@1": 0.49212315678596497, "TR@1": 0.6593999862670898, "IR@5": 0.7305877804756165, "TR@5": 0.8626000285148621, "IR@10": 0.8159136176109314, "TR@10": 0.9179999828338623, "MR": 0.7464374254147211}, "mscoco_captions_cn_1k": {"IR@1": 0.6609686613082886, "TR@1": 0.6990000009536743, "IR@5": 0.9078822135925293, "TR@5": 0.9160000085830688, "IR@10": 0.9601139426231384, "TR@10": 0.9710000157356262, "MR": 0.8524941404660543}, "mscoco_captions_cn_5k": {"IR@1": 0.6186000108718872, "TR@1": 0.7960000038146973, "IR@5": 0.8709999918937683, "TR@5": 0.9449999928474426, "IR@10": 0.9363999962806702, "TR@10": 0.9760000109672546, "MR": 0.8571666677792867}, "xtd_en": {"IR@1": 0.7357357144355774, "TR@1": 0.7157157063484192, "IR@5": 0.9079079031944275, "TR@5": 0.923923909664154, "IR@10": 0.9509509801864624, "TR@10": 0.9729729890823364, "MR": 0.8678678671518961}, "xtd_de": {"IR@1": 0.6486486196517944, "TR@1": 0.6566566824913025, "IR@5": 0.8748748898506165, "TR@5": 0.8958958983421326, "IR@10": 0.9349349141120911, "TR@10": 0.9529529809951782, "MR": 0.8273273309071859}, "xtd_es": {"IR@1": 0.6593186259269714, "TR@1": 0.6833667159080505, "IR@5": 0.890781581401825, "TR@5": 0.8987975716590881, "IR@10": 0.9468938112258911, "TR@10": 0.9609218239784241, "MR": 0.8400133550167084}, "xtd_fr": {"IR@1": 0.6476476192474365, "TR@1": 0.6446446180343628, "IR@5": 0.8668668866157532, "TR@5": 0.8848848938941956, "IR@10": 0.9259259104728699, "TR@10": 0.9449449181556702, "MR": 0.8191524744033813}, "xtd_it": {"IR@1": 0.6492986083030701, "TR@1": 0.6643286347389221,