{"model_info": {"model_name": "openclip-L", "vision_encoder": "VIT-L", "text_encoder": "CLIP-L", "agency": "openclip"}, "imagenet1k": {"acc1": 0.7525, "acc5": 0.94238, "mean_per_class_recall": 0.7524000000000001}, "imagenet1k_cn": {"acc1": 0.02872, "acc5": 0.07938, "mean_per_class_recall": 0.028700000000000003}, "imagenet1k_jp": {"acc1": 0.03666, "acc5": 0.08682, "mean_per_class_recall": 0.03638}, "imagenet1k_it": {"acc1": 0.31706, "acc5": 0.4732, "mean_per_class_recall": 0.31638}, "imagenet-a": {"acc1": 0.5390666666666667, "acc5": 0.8190666666666667, "mean_per_class_recall": 0.5386942486839326}, "imagenet-a_cn": {"acc1": 0.0352, "acc5": 0.1056, "mean_per_class_recall": 0.038743433132156994}, "imagenet-a_jp": {"acc1": 0.03626666666666667, "acc5": 0.07386666666666666, "mean_per_class_recall": 0.04782879013556904}, "imagenet-a_it": {"acc1": 0.23573333333333332, "acc5": 0.3897333333333333, "mean_per_class_recall": 0.25877333233161187}, "imagenet-r": {"acc1": 0.8747, "acc5": 0.9656333333333333, "mean_per_class_recall": 0.860873626057385}, "imagenet-r_cn": {"acc1": 0.049466666666666666, "acc5": 0.13876666666666668, "mean_per_class_recall": 0.05602040210737387}, "imagenet-r_jp": {"acc1": 0.06596666666666667, "acc5": 0.1228, "mean_per_class_recall": 0.06953032198847524}, "imagenet-r_it": {"acc1": 0.48063333333333336, "acc5": 0.6259, "mean_per_class_recall": 0.46383264674461444}, "imagenet-sketch": {"acc1": 0.6325728546444221, "acc5": 0.8640374147654699, "mean_per_class_recall": 0.6328972549019609}, "imagenet-sketch_cn": {"acc1": 0.029967183477765332, "acc5": 0.08050855784157676, "mean_per_class_recall": 0.030030196078431375}, "imagenet-sketch_jp": {"acc1": 0.034978089567490024, "acc5": 0.08168759456857082, "mean_per_class_recall": 0.03464470588235294}, "imagenet-sketch_it": {"acc1": 0.2926958674762719, "acc5": 0.46039419127905834, "mean_per_class_recall": 0.29225725490196075}, "imagenetv2": {"acc1": 0.6773, "acc5": 0.9022, "mean_per_class_recall": 0.6781}, "imagenetv2_cn": {"acc1": 0.0258, "acc5": 0.0715, "mean_per_class_recall": 0.025799999999999997}, "imagenetv2_jp": {"acc1": 0.0343, "acc5": 0.0813, "mean_per_class_recall": 0.034}, "imagenetv2_it": {"acc1": 0.2754, "acc5": 0.4397, "mean_per_class_recall": 0.2749}, "birdsnap": {"acc1": 0.4676390154968095, "acc5": 0.7046490428441203, "mean_per_class_recall": 0.47127588510354046}, "caltech101": {"acc1": 0.8781714785651793, "acc5": 0.9758311461067367, "mean_per_class_recall": 0.936833250035322}, "cars": {"acc1": 0.9253824151224972, "acc5": 0.9975127471707499, "mean_per_class_recall": 0.925864086262723}, "cifar10": {"acc1": 0.9662, "acc5": 0.9985, "mean_per_class_recall": 0.9662999999999998}, "cifar100": {"acc1": 0.8335, "acc5": 0.9663, "mean_per_class_recall": 0.8332}, "country211": {"acc1": 0.03625592417061611, "acc5": 0.08872037914691944, "mean_per_class_recall": 0.03625592417061611}, "dtd": {"acc1": 0.6281914893617021, "acc5": 0.9058510638297872, "mean_per_class_recall": 0.6281914893617021}, "eurosat": {"acc1": 0.5285555555555556, "acc5": 0.8805925925925926, "mean_per_class_recall": 0.5492733333333333}, "fer2013": {"acc1": 0.5617163555307885, "acc5": 0.9432989690721649, "mean_per_class_recall": 0.5055896794103021}, "fgvc-aircraft": {"acc1": 0.36753675367536753, "acc5": 0.7455745574557455, "mean_per_class_recall": 0.36636363636363634}, "flowers": {"acc1": 0.008294031549845503, "acc5": 0.042283298097251586, "mean_per_class_recall": 0.005377353220490475}, "food101": {"acc1": 0.9097425742574258, "acc5": 0.9893465346534653, "mean_per_class_recall": 0.9096633663366337}, "gtsrb": {"acc1": 0.5611243072050673, "acc5": 0.8062549485352336, "mean_per_class_recall": 0.5066661287070792}, "kinetics400": {"acc1": 0.5091476091476091, "acc5": 0.7527546777546777, "mean_per_class_recall": 0.509810715923987}, "kinetics600": {"acc1": 0.5156774540083255, "acc5": 0.7586947764200349, "mean_per_class_recall": 0.5154274548950015}, "kinetics700": {"acc1": 0.4181828887711241, "acc5": 0.6590119531296001, "mean_per_class_recall": 0.41778257605738417}, "mnist": {"acc1": 0.6263, "acc5": 0.9139, "mean_per_class_recall": 0.6289142270939181}, "objectnet": {"acc1": 0.6553784860557769, "acc5": 0.8500053838699257, "mean_per_class_recall": 0.6433615789778688}, "pcam": {"acc1": 0.563385009765625, "acc5": NaN, "mean_per_class_recall": 0.5634289089888951}, "pets": {"acc1": 0.9318615426546742, "acc5": 0.9980921231943308, "mean_per_class_recall": 0.9305699534598607}, "renderedsst2": {"acc1": 0.5919824272377814, "acc5": NaN, "mean_per_class_recall": 0.5914502634473974}, "resisc45": {"acc1": 0.6793968253968254, "acc5": 0.940984126984127, "mean_per_class_recall": 0.6792698412698412}, "stl10": {"acc1": 0.988375, "acc5": 0.999875, "mean_per_class_recall": 0.9884999999999999}, "sun397": {"acc1": 0.7433657612593559, "acc5": 0.9582727991614102, "mean_per_class_recall": 0.7360208646602289}, "ucf101": {"acc1": 0.6708285026308749, "acc5": 0.8831713190047267, "mean_per_class_recall": 0.6669889263329761}, "voc2007": {"acc1": 0.8061565170940171, "acc5": 0.9551282051282052, "mean_per_class_recall": 0.8478863446547382}, "voc2007_multilabel": {"mean_average_precision": 0.8209789991378784}, "flickr30k": {"IR@1": 0.7545999884605408, "TR@1": 0.8899999856948853, "IR@5": 0.9290000200271606, "TR@5": 0.9869999885559082, "IR@10": 0.9589999914169312, "TR@10": 0.9940000176429749, "MR": 0.9189333319664001}, "flickr30k_cn": {"IR@1": 0.009999999776482582, "TR@1": 0.0430000014603138, "IR@5": 0.03840000182390213, "TR@5": 0.13199999928474426, "IR@10": 0.0674000009894371, "TR@10": 0.20000000298023224, "MR": 0.08180000105251868}, "multi30k_en": {"IR@1": 0.7554000020027161, "TR@1": 0.8949999809265137, "IR@5": 0.9290000200271606, "TR@5": 0.9869999885559082, "IR@10": 0.9592000246047974, "TR@10": 0.9940000176429749, "MR": 0.9199333389600118}, "multi30k_fr": {"IR@1": 0.4519999921321869, "TR@1": 0.5170000195503235, "IR@5": 0.6859999895095825, "TR@5": 0.7549999952316284, "IR@10": 0.7889999747276306, "TR@10": 0.8429999947547913, "MR": 0.6736666609843572}, "multi30k_de": {"IR@1": 0.24740000069141388, "TR@1": 0.5090000033378601, "IR@5": 0.4675999879837036, "TR@5": 0.7649999856948853, "IR@10": 0.5618000030517578, "TR@10": 0.8330000042915344, "MR": 0.5639666641751925}, "multi30k_cs": {"IR@1": 0.03200000151991844, "TR@1": 0.0560000017285347, "IR@5": 0.08799999952316284, "TR@5": 0.11500000208616257, "IR@10": 0.12399999797344208, "TR@10": 0.15199999511241913, "MR": 0.09449999965727329}, "mscoco_captions": {"IR@1": 0.465133935213089, "TR@1": 0.6330000162124634, "IR@5": 0.7107557058334351, "TR@5": 0.8399999737739563, "IR@10": 0.7982007265090942, "TR@10": 0.9079999923706055, "MR": 0.7258483916521072}, "mscoco_captions_cn_1k": {"IR@1": 0.025641025975346565, "TR@1": 0.03200000151991844, "IR@5": 0.06172839552164078, "TR@5": 0.08100000023841858, "IR@10": 0.11680911481380463, "TR@10": 0.13199999928474426, "MR": 0.07486308955897887}, "mscoco_captions_cn_5k": {"IR@1": 0.02160000056028366, "TR@1": 0.05000000074505806, "IR@5": 0.06520000100135803, "TR@5": 0.11599999666213989, "IR@10": 0.10899999737739563, "TR@10": 0.17800000309944153, "MR": 0.08996666657427947}, "xtd_en": {"IR@1": 0.6896896958351135, "TR@1": 0.7017017006874084, "IR@5": 0.8928928971290588, "TR@5": 0.9119119048118591, "IR@10": 0.9509509801864624, "TR@10": 0.9689689874649048, "MR": 0.8526860276858012}, "xtd_de": {"IR@1": 0.293293297290802, "TR@1": 0.38038039207458496, "IR@5": 0.5555555820465088, "TR@5": 0.6596596837043762, "IR@10": 0.6946946978569031, "TR@10": 0.770770788192749, "MR": 0.559059073527654}, "xtd_es": {"IR@1": 0.3837675452232361, "TR@1": 0.41983968019485474, "IR@5": 0.617234468460083, "TR@5": 0.6763526797294617, "IR@10": 0.7394789457321167, "TR@10": 0.7875751256942749, "MR": 0.6040414075056711}, "xtd_fr": {"IR@1": 0.43843844532966614, "TR@1": 0.4864864945411682, "IR@5": 0.6806806921958923, "TR@5": 0.7607607841491699, "IR@10": 0.7997997999191284, "TR@10": 0.8298298120498657, "MR": 0.6659993380308151},