{"model_info": {"model_name": "openclip-H", "vision_encoder": "VIT-H", "text_encoder": "CLIP-H", "agency": "openclip"}, "imagenet1k": {"acc1": 0.77972, "acc5": 0.95206, "mean_per_class_recall": 0.7795}, "imagenet1k_cn": {"acc1": 0.03492, "acc5": 0.10138, "mean_per_class_recall": 0.03492}, "imagenet1k_jp": {"acc1": 0.04394, "acc5": 0.1016, "mean_per_class_recall": 0.0439}, "imagenet1k_it": {"acc1": 0.35892, "acc5": 0.5371, "mean_per_class_recall": 0.35806}, "imagenet-a": {"acc1": 0.5936, "acc5": 0.8528, "mean_per_class_recall": 0.5826917336859457}, "imagenet-a_cn": {"acc1": 0.03573333333333333, "acc5": 0.13413333333333333, "mean_per_class_recall": 0.04937730654786087}, "imagenet-a_jp": {"acc1": 0.0404, "acc5": 0.08906666666666667, "mean_per_class_recall": 0.05082168549515106}, "imagenet-a_it": {"acc1": 0.2694666666666667, "acc5": 0.434, "mean_per_class_recall": 0.2837357497018038}, "imagenet-r": {"acc1": 0.8932, "acc5": 0.9739, "mean_per_class_recall": 0.8810477398143152}, "imagenet-r_cn": {"acc1": 0.05823333333333333, "acc5": 0.16976666666666668, "mean_per_class_recall": 0.06264275564205077}, "imagenet-r_jp": {"acc1": 0.07316666666666667, "acc5": 0.13596666666666668, "mean_per_class_recall": 0.07773860371318814}, "imagenet-r_it": {"acc1": 0.5199333333333334, "acc5": 0.6878, "mean_per_class_recall": 0.5022449432621445}, "imagenet-sketch": {"acc1": 0.6657037866729548, "acc5": 0.8813103028159327, "mean_per_class_recall": 0.6657329411764706}, "imagenet-sketch_cn": {"acc1": 0.035154945076539136, "acc5": 0.09970720587946315, "mean_per_class_recall": 0.03505294117647059}, "imagenet-sketch_jp": {"acc1": 0.04431213032285956, "acc5": 0.10410894299357425, "mean_per_class_recall": 0.04403450980392157}, "imagenet-sketch_it": {"acc1": 0.3293246084615536, "acc5": 0.5139617599088212, "mean_per_class_recall": 0.32887098039215684}, "imagenetv2": {"acc1": 0.7089, "acc5": 0.9165, "mean_per_class_recall": 0.7092000000000002}, "imagenetv2_cn": {"acc1": 0.0336, "acc5": 0.0954, "mean_per_class_recall": 0.033299999999999996}, "imagenetv2_jp": {"acc1": 0.0383, "acc5": 0.0904, "mean_per_class_recall": 0.038099999999999995}, "imagenetv2_it": {"acc1": 0.3192, "acc5": 0.4968, "mean_per_class_recall": 0.31789999999999996}, "birdsnap": {"acc1": 0.5314494074749316, "acc5": 0.735186873290793, "mean_per_class_recall": 0.5337007348029392}, "caltech101": {"acc1": 0.8851706036745407, "acc5": 0.9676290463692039, "mean_per_class_recall": 0.9449049531973814}, "cars": {"acc1": 0.9317249098370849, "acc5": 0.998756373585375, "mean_per_class_recall": 0.9319347081428958}, "cifar10": {"acc1": 0.9744, "acc5": 0.9993, "mean_per_class_recall": 0.9743999999999999}, "cifar100": {"acc1": 0.8471, "acc5": 0.9734, "mean_per_class_recall": 0.8469000000000001}, "country211": {"acc1": 0.04004739336492891, "acc5": 0.09303317535545023, "mean_per_class_recall": 0.04009478672985783}, "dtd": {"acc1": 0.675, "acc5": 0.925, "mean_per_class_recall": 0.674468085106383}, "eurosat": {"acc1": 0.5394444444444444, "acc5": 0.8927037037037037, "mean_per_class_recall": 0.5540533333333333}, "fer2013": {"acc1": 0.5054332683198662, "acc5": 0.9556979660072443, "mean_per_class_recall": 0.49000021634094776}, "fgvc-aircraft": {"acc1": 0.42544254425442546, "acc5": 0.8379837983798379, "mean_per_class_recall": 0.4262032085561498}, "flowers": {"acc1": 0.005204098227354042, "acc5": 0.04065701740120345, "mean_per_class_recall": 0.0035070666443215463}, "food101": {"acc1": 0.9275247524752476, "acc5": 0.9918415841584158, "mean_per_class_recall": 0.9275643564356435}, "gtsrb": {"acc1": 0.5841646872525732, "acc5": 0.820744259699129, "mean_per_class_recall": 0.5426849892888821}, "kinetics400": {"acc1": 0.5425675675675675, "acc5": 0.782068607068607, "mean_per_class_recall": 0.54296753309284}, "kinetics600": {"acc1": 0.5539814690479388, "acc5": 0.7904189606552975, "mean_per_class_recall": 0.5539870340915686}, "kinetics700": {"acc1": 0.45112759818642173, "acc5": 0.6925160454572219, "mean_per_class_recall": 0.4504981149461425}, "mnist": {"acc1": 0.6987, "acc5": 0.8634, "mean_per_class_recall": 0.7093556617719949}, "objectnet": {"acc1": 0.6969419618822009, "acc5": 0.8773554430924949, "mean_per_class_recall": 0.6841589526956334}, "pcam": {"acc1": 0.5421142578125, "acc5": NaN, "mean_per_class_recall": 0.5419486632774938}, "pets": {"acc1": 0.9449441264649768, "acc5": 0.9986372308530935, "mean_per_class_recall": 0.9440220195436061}, "renderedsst2": {"acc1": 0.641954969796815, "acc5": NaN, "mean_per_class_recall": 0.6421331277864628}, "resisc45": {"acc1": 0.7042222222222222, "acc5": 0.9588571428571429, "mean_per_class_recall": 0.7040952380952381}, "stl10": {"acc1": 0.984625, "acc5": 0.999875, "mean_per_class_recall": 0.9846249999999998}, "sun397": {"acc1": 0.7529837982970742, "acc5": 0.9610497085164683, "mean_per_class_recall": 0.7514915800738847}, "ucf101": {"acc1": 0.7106037634888076, "acc5": 0.9087666101846071, "mean_per_class_recall": 0.7049675326876583}, "voc2007": {"acc1": 0.7786458333333334, "acc5": 0.9354300213675214, "mean_per_class_recall": 0.8489019665469476}, "voc2007_multilabel": {"mean_average_precision": 0.8204633593559265}, "flickr30k": {"IR@1": 0.777400016784668, "TR@1": 0.9079999923706055, "IR@5": 0.9413999915122986, "TR@5": 0.9919999837875366, "IR@10": 0.9661999940872192, "TR@10": 0.996999979019165, "MR": 0.9303333262602488}, "flickr30k_cn": {"IR@1": 0.022199999541044235, "TR@1": 0.061000000685453415, "IR@5": 0.07240000367164612, "TR@5": 0.17100000381469727, "IR@10": 0.11559999734163284, "TR@10": 0.23899999260902405, "MR": 0.11353333294391632}, "multi30k_en": {"IR@1": 0.776199996471405, "TR@1": 0.9079999923706055, "IR@5": 0.9419999718666077, "TR@5": 0.9929999709129333, "IR@10": 0.9661999940872192, "TR@10": 0.996999979019165, "MR": 0.9303999841213226}, "multi30k_fr": {"IR@1": 0.5249999761581421, "TR@1": 0.5899999737739563, "IR@5": 0.7670000195503235, "TR@5": 0.8270000219345093, "IR@10": 0.8519999980926514, "TR@10": 0.8840000033378601, "MR": 0.7408333321412405}, "multi30k_de": {"IR@1": 0.3499999940395355, "TR@1": 0.6159999966621399, "IR@5": 0.5824000239372253, "TR@5": 0.8529999852180481, "IR@10": 0.6823999881744385, "TR@10": 0.9160000085830688, "MR": 0.666633332769076}, "multi30k_cs": {"IR@1": 0.0430000014603138, "TR@1": 0.07699999958276749, "IR@5": 0.10300000011920929, "TR@5": 0.15800000727176666, "IR@10": 0.14300000667572021, "TR@10": 0.19099999964237213, "MR": 0.11916666912535827}, "mscoco_captions": {"IR@1": 0.4947220981121063, "TR@1": 0.659600019454956, "IR@5": 0.7341063618659973, "TR@5": 0.86080002784729, "IR@10": 0.8152738809585571, "TR@10": 0.9190000295639038, "MR": 0.7472504029671351}, "mscoco_captions_cn_1k": {"IR@1": 0.030389362946152687, "TR@1": 0.05700000002980232, "IR@5": 0.09971509873867035, "TR@5": 0.1589999943971634, "IR@10": 0.16619183123111725, "TR@10": 0.22200000286102295, "MR": 0.12238271503398816}, "mscoco_captions_cn_5k": {"IR@1": 0.031599998474121094, "TR@1": 0.07199999690055847, "IR@5": 0.09239999949932098, "TR@5": 0.19300000369548798, "IR@10": 0.1395999938249588, "TR@10": 0.28200000524520874, "MR": 0.13509999960660934}, "xtd_en": {"IR@1": 0.7157157063484192, "TR@1": 0.7187187075614929, "IR@5": 0.912912905216217, "TR@5": 0.9149149060249329, "IR@10": 0.9589589834213257, "TR@10": 0.9699699878692627, "MR": 0.865198532740275}, "xtd_de": {"IR@1": 0.3923923969268799, "TR@1": 0.44744744896888733, "IR@5": 0.6576576828956604, "TR@5": 0.728728711605072, "IR@10": 0.7807807922363281, "TR@10": 0.8418418169021606, "MR": 0.6414748082558314}, "xtd_es": {"IR@1": 0.44488978385925293, "TR@1": 0.4709418714046478, "IR@5": 0.703406810760498, "TR@5": 0.7605210542678833, "IR@10": 0.8266533017158508, "TR@10": 0.8537074327468872, "MR": 0.6766867091258367}, "xtd_fr": {"IR@1": 0.49049049615859985, "TR@1": 0.5385385155677795, "IR@5": 0.7627627849578857, "TR@5": 0.7987987995147705, "IR@10": 0.8558558821678162, "TR@10": 0.8868868947029114, "MR": 0.7222222288449606}, "xtd_it": {"IR@1": 0.4018036127090454, "TR@1": 0.46392786502838135,