{"model_info": {"model_name": "Taiyi-CLIP-L", "vision_encoder": "VIT-L", "text_encoder": "RoBERTa-wwm-L", "agency": "Noah"}, "imagenet1k": {"acc1": 0.18846, "acc5": 0.36348, "mean_per_class_recall": 0.18862}, "imagenet1k_cn": {"acc1": 0.49326, "acc5": 0.77264, "mean_per_class_recall": 0.49298000000000003}, "imagenet1k_jp": {"acc1": 0.08586, "acc5": 0.15332, "mean_per_class_recall": 0.08586}, "imagenet1k_it": {"acc1": 0.02472, "acc5": 0.05556, "mean_per_class_recall": 0.0246}, "imagenet-a": {"acc1": 0.22853333333333334, "acc5": 0.43746666666666667, "mean_per_class_recall": 0.21844021317246307}, "imagenet-a_cn": {"acc1": 0.5261333333333333, "acc5": 0.8118666666666666, "mean_per_class_recall": 0.5053842694810555}, "imagenet-a_jp": {"acc1": 0.0748, "acc5": 0.13386666666666666, "mean_per_class_recall": 0.08607342042145832}, "imagenet-a_it": {"acc1": 0.0388, "acc5": 0.0876, "mean_per_class_recall": 0.04225634238603895}, "imagenet-r": {"acc1": 0.3767666666666667, "acc5": 0.5628666666666666, "mean_per_class_recall": 0.33230691006586355}, "imagenet-r_cn": {"acc1": 0.7463, "acc5": 0.9139666666666667, "mean_per_class_recall": 0.7217145603092184}, "imagenet-r_jp": {"acc1": 0.11333333333333333, "acc5": 0.17003333333333334, "mean_per_class_recall": 0.10621600328333834}, "imagenet-r_it": {"acc1": 0.08773333333333333, "acc5": 0.15863333333333332, "mean_per_class_recall": 0.07235385063506033}, "imagenet-sketch": {"acc1": 0.18001925759987425, "acc5": 0.3494075340446855, "mean_per_class_recall": 0.1802278431372549}, "imagenet-sketch_cn": {"acc1": 0.4242567155966908, "acc5": 0.7004657195071626, "mean_per_class_recall": 0.4236349019607843}, "imagenet-sketch_jp": {"acc1": 0.07243215626166755, "acc5": 0.1369058146161253, "mean_per_class_recall": 0.0724592156862745}, "imagenet-sketch_it": {"acc1": 0.026567627581599168, "acc5": 0.055591581677769265, "mean_per_class_recall": 0.026329411764705886}, "imagenetv2": {"acc1": 0.1708, "acc5": 0.3349, "mean_per_class_recall": 0.1713}, "imagenetv2_cn": {"acc1": 0.4485, "acc5": 0.7343, "mean_per_class_recall": 0.4485}, "imagenetv2_jp": {"acc1": 0.0758, "acc5": 0.1426, "mean_per_class_recall": 0.07590000000000001}, "imagenetv2_it": {"acc1": 0.0221, "acc5": 0.0539, "mean_per_class_recall": 0.021700000000000004}, "birdsnap": {"acc1": 0.009115770282588878, "acc5": 0.038742023701002735, "mean_per_class_recall": 0.009151636606546425}, "caltech101": {"acc1": 0.536745406824147, "acc5": 0.744750656167979, "mean_per_class_recall": 0.4658133671572168}, "cars": {"acc1": 0.29523691083198605, "acc5": 0.6307673174978237, "mean_per_class_recall": 0.287934358145636}, "cifar10": {"acc1": 0.9021, "acc5": 0.9958, "mean_per_class_recall": 0.9022}, "cifar100": {"acc1": 0.4981, "acc5": 0.7451, "mean_per_class_recall": 0.4982}, "country211": {"acc1": 0.011753554502369668, "acc5": 0.044407582938388625, "mean_per_class_recall": 0.01180094786729858}, "dtd": {"acc1": 0.1398936170212766, "acc5": 0.38138297872340426, "mean_per_class_recall": 0.1398936170212766}, "eurosat": {"acc1": 0.3975185185185185, "acc5": 0.7626296296296297, "mean_per_class_recall": 0.38998000000000005}, "fer2013": {"acc1": 0.10128169406519923, "acc5": 0.7816940651992198, "mean_per_class_recall": 0.22074815215716864}, "fgvc-aircraft": {"acc1": 0.0702070207020702, "acc5": 0.2451245124512451, "mean_per_class_recall": 0.07066844919786096}, "flowers": {"acc1": 0.01333550170759473, "acc5": 0.0671653927467881, "mean_per_class_recall": 0.00886057139856204}, "food101": {"acc1": 0.2688712871287129, "acc5": 0.5206336633663367, "mean_per_class_recall": 0.2690693069306931}, "gtsrb": {"acc1": 0.13008709422011086, "acc5": 0.641409342834521, "mean_per_class_recall": 0.12926370357538203}, "kinetics400": {"acc1": 0.18565488565488567, "acc5": 0.4021829521829522, "mean_per_class_recall": 0.18637145725727491}, "kinetics600": {"acc1": 0.17590976232039748, "acc5": 0.3707533234859675, "mean_per_class_recall": 0.17596923035171513}, "kinetics700": {"acc1": 0.13972796325737502, "acc5": 0.3206441735853501, "mean_per_class_recall": 0.13958952265737476}, "mnist": {"acc1": 0.6144, "acc5": 0.8995, "mean_per_class_recall": 0.6102786505561877}, "objectnet": {"acc1": 0.35598147948745557, "acc5": 0.5942715623990524, "mean_per_class_recall": 0.3452028654469313}, "pcam": {"acc1": 0.4871826171875, "acc5": NaN, "mean_per_class_recall": 0.48720622760469146}, "pets": {"acc1": 0.0975742709185064, "acc5": 0.3115290269828291, "mean_per_class_recall": 0.09871360078993577}, "renderedsst2": {"acc1": 0.5090609555189456, "acc5": NaN, "mean_per_class_recall": 0.5092333246482543}, "resisc45": {"acc1": 0.4172698412698413, "acc5": 0.7028253968253968, "mean_per_class_recall": 0.41746031746031736}, "stl10": {"acc1": 0.965375, "acc5": 0.999625, "mean_per_class_recall": 0.9653750000000001}, "sun397": {"acc1": 0.2660040090479431, "acc5": 0.5130937712635857, "mean_per_class_recall": 0.2334567838262414}, "ucf101": {"acc1": 0.20288950325515026, "acc5": 0.3501293141888879, "mean_per_class_recall": 0.20148065783524247}, "voc2007": {"acc1": 0.5040731837606838, "acc5": 0.7632879273504274, "mean_per_class_recall": 0.7219880588692816}, "voc2007_multilabel": {"mean_average_precision": 0.6576972007751465}, "flickr30k": {"IR@1": 0.25380000472068787, "TR@1": 0.3919999897480011, "IR@5": 0.4830000102519989, "TR@5": 0.6800000071525574, "IR@10": 0.5916000008583069, "TR@10": 0.7960000038146973, "MR": 0.5327333360910416}, "flickr30k_cn": {"IR@1": 0.5361999869346619, "TR@1": 0.6380000114440918, "IR@5": 0.7979999780654907, "TR@5": 0.902999997138977, "IR@10": 0.8659999966621399, "TR@10": 0.9589999914169312, "MR": 0.7833666602770487}, "multi30k_en": {"IR@1": 0.25699999928474426, "TR@1": 0.40299999713897705, "IR@5": 0.4862000048160553, "TR@5": 0.6919999718666077, "IR@10": 0.5938000082969666, "TR@10": 0.7940000295639038, "MR": 0.5376666684945425}, "multi30k_fr": {"IR@1": 0.02199999988079071, "TR@1": 0.02800000086426735, "IR@5": 0.06400000303983688, "TR@5": 0.08399999886751175, "IR@10": 0.09099999815225601, "TR@10": 0.11800000071525574, "MR": 0.06783333358665307}, "multi30k_de": {"IR@1": 0.014399999752640724, "TR@1": 0.03200000151991844, "IR@5": 0.04500000178813934, "TR@5": 0.08900000154972076, "IR@10": 0.06700000166893005, "TR@10": 0.13600000739097595, "MR": 0.06390000227838755}, "multi30k_cs": {"IR@1": 0.004999999888241291, "TR@1": 0.008999999612569809, "IR@5": 0.028999999165534973, "TR@5": 0.03200000151991844, "IR@10": 0.04500000178813934, "TR@10": 0.04600000008940697, "MR": 0.027666667010635138}, "mscoco_captions": {"IR@1": 0.11715313792228699, "TR@1": 0.19840000569820404, "IR@5": 0.27808877825737, "TR@5": 0.42080000042915344, "IR@10": 0.37457016110420227, "TR@10": 0.5424000024795532, "MR": 0.3219020143151283}, "mscoco_captions_cn_1k": {"IR@1": 0.5185185074806213, "TR@1": 0.4650000035762787, "IR@5": 0.8034188151359558, "TR@5": 0.7630000114440918, "IR@10": 0.896486222743988, "TR@10": 0.8859999775886536, "MR": 0.7220705896615982}, "mscoco_captions_cn_5k": {"IR@1": 0.4611999988555908, "TR@1": 0.5809999704360962, "IR@5": 0.7487999796867371, "TR@5": 0.8379999995231628, "IR@10": 0.8510000109672546, "TR@10": 0.9160000085830688, "MR": 0.7326666613419851}, "xtd_en": {"IR@1": 0.2522522509098053, "TR@1": 0.2842842936515808, "IR@5": 0.5265265107154846, "TR@5": 0.5825825929641724, "IR@10": 0.66266268491745, "TR@10": 0.7367367148399353, "MR": 0.5075075079997381}, "xtd_de": {"IR@1": 0.015015015378594398, "TR@1": 0.03403403237462044, "IR@5": 0.06506506353616714, "TR@5": 0.09909909963607788, "IR@10": 0.10310310125350952, "TR@10": 0.15315315127372742, "MR": 0.07824491057544947}, "xtd_es": {"IR@1": 0.017034068703651428, "TR@1": 0.028056113049387932, "IR@5": 0.05310621112585068, "TR@5": 0.08216433227062225, "IR@10": 0.08216433227062225, "TR@10": 0.12424849718809128, "MR": 0.06446225910137098}, "xtd_fr": {"IR@1": 0.03203203156590462, "TR@1": 0.03703703731298447, "IR@5": 0.09309308975934982, "TR@5": 0.11711711436510086, "IR@10": 0.13513512909412384, "TR@10": 0.18518517911434174,